Customer ID,Recency,Frequency,Monetary,R_score,F_score,M_score,RFM_score,Segment
12346.0,325,12,77556.46,1,3,3,133,At risk
12347.0,2,8,5633.32,3,3,3,333,Champions
12348.0,75,5,2019.4,2,2,3,223,Others
12349.0,18,4,4428.69,3,2,3,323,Potential loyalists
12350.0,310,1,334.4,1,1,1,111,Hibernating / lost
12351.0,375,1,300.93,1,1,1,111,Hibernating / lost
12352.0,36,10,2849.84,3,3,3,333,Champions
12353.0,204,2,406.76,2,1,1,211,Others
12354.0,232,1,1079.4,2,1,2,212,Others
12355.0,214,2,947.61,2,1,2,212,Others
12356.0,22,6,6373.68,3,3,3,333,Champions
12357.0,33,3,18287.66,3,2,3,323,Potential loyalists
12358.0,1,5,3887.07,3,2,3,323,Potential loyalists
12359.0,57,10,8935.94,2,3,3,233,Loyal customers
12360.0,52,8,4252.89,2,3,3,233,Loyal customers
12361.0,287,4,511.25,1,2,2,122,At risk
12362.0,3,11,5356.23,3,3,3,333,Champions
12363.0,109,2,552.0,2,1,2,212,Others
12364.0,7,4,1313.1,3,2,2,322,Potential loyalists
12365.0,291,2,641.38,1,1,2,112,Hibernating / lost
12366.0,633,1,500.24,1,1,2,112,Hibernating / lost
12367.0,4,1,168.9,3,1,1,311,New customers
12368.0,628,1,917.6999999999999,1,1,2,112,Hibernating / lost
12369.0,413,3,1791.15,1,2,3,123,At risk
12370.0,51,7,4320.31,2,3,3,233,Loyal customers
12371.0,44,5,4067.38,2,2,3,223,Others
12372.0,71,3,1298.04,2,2,2,222,Others
12373.0,311,3,1127.65,1,2,2,122,At risk
12374.0,25,4,2989.2200000000003,3,2,3,323,Potential loyalists
12375.0,10,2,457.5,3,1,1,311,New customers
12376.0,389,2,503.15,1,1,2,112,Hibernating / lost
12377.0,315,4,3426.32,1,2,3,123,At risk
12378.0,129,2,5416.32,2,1,3,213,Others
12379.0,81,4,1620.22,2,2,2,222,Others
12380.0,21,11,9676.300000000001,3,3,3,333,Champions
12381.0,4,5,1845.31,3,2,3,323,Potential loyalists
12383.0,184,5,1850.56,2,2,3,223,Others
12384.0,28,2,585.27,3,1,2,312,Potential loyalists
12385.0,379,1,1938.4,1,1,3,113,Hibernating / lost
12386.0,337,2,660.8,1,1,2,112,Hibernating / lost
12387.0,415,1,143.94,1,1,1,111,Hibernating / lost
12388.0,15,8,3901.11,3,3,3,333,Champions
12389.0,402,3,1433.33,1,2,2,122,At risk
12390.0,79,1,549.84,2,1,2,212,Others
12391.0,21,6,2773.42,3,3,3,333,Champions
12392.0,591,1,234.75000000000003,1,1,1,111,Hibernating / lost
12393.0,72,6,2399.4500000000003,2,3,3,233,Loyal customers
12394.0,63,2,1272.48,2,1,2,212,Others
12395.0,19,15,5067.27,3,3,3,333,Champions
12396.0,674,1,931.43,1,1,2,112,Hibernating / lost
12397.0,35,2,2409.9,3,1,3,313,Potential loyalists
12398.0,45,1,1635.6599999999999,2,1,3,213,Others
12399.0,119,7,1962.3,2,3,3,233,Loyal customers
12400.0,414,1,205.25,1,1,1,111,Hibernating / lost
12401.0,303,1,84.3,1,1,1,111,Hibernating / lost
12402.0,323,6,1256.9,1,3,2,132,At risk
12403.0,49,2,1019.36,2,1,2,212,Others
12404.0,682,1,63.24,1,1,1,111,Hibernating / lost
12405.0,148,1,1710.39,2,1,3,213,Others
12406.0,22,5,6390.36,3,2,3,323,Potential loyalists
12407.0,49,5,1708.1200000000001,2,2,3,223,Others
12408.0,32,8,4340.7699999999995,3,3,3,333,Champions
12409.0,78,7,23419.29,2,3,3,233,Loyal customers
12410.0,308,3,1013.71,1,2,2,122,At risk
12411.0,409,1,346.9,1,1,1,111,Hibernating / lost
12412.0,74,6,2596.93,2,3,3,233,Loyal customers
12413.0,66,4,999.45,2,2,2,222,Others
12414.0,217,6,952.41,2,3,2,232,Loyal customers
12415.0,24,28,144458.37,3,3,3,333,Champions
12416.0,656,1,202.56,1,1,1,111,Hibernating / lost
12417.0,3,20,6816.91,3,3,3,333,Champions
12418.0,112,4,2021.2,2,2,3,223,Others
12419.0,385,2,503.01,1,1,2,112,Hibernating / lost
12420.0,63,1,600.39,2,1,2,212,Others
12421.0,15,6,1098.6,3,3,2,332,Loyal customers
12422.0,95,17,5231.8,2,3,3,233,Loyal customers
12423.0,0,10,2622.39,3,3,3,333,Champions
12424.0,162,4,3340.03,2,2,3,223,Others
12425.0,78,2,1741.41,2,1,3,213,Others
12426.0,194,2,1345.21,2,1,2,212,Others
12427.0,21,3,1129.3,3,2,2,322,Potential loyalists
12428.0,25,9,7956.46,3,3,3,333,Champions
12429.0,9,8,7485.91,3,3,3,333,Champions
12430.0,43,1,256.4,2,1,1,211,Others
12431.0,35,27,10857.97,3,3,3,333,Champions
12432.0,42,5,5059.32,2,2,3,223,Others
12433.0,0,10,20581.26,3,3,3,333,Champions
12434.0,84,3,1103.43,2,2,2,222,Others
12435.0,79,6,13925.93,2,3,3,233,Loyal customers
12436.0,99,1,509.01,2,1,2,212,Others
12437.0,1,39,12683.4,3,3,3,333,Champions
12438.0,14,2,2906.85,3,1,3,313,Potential loyalists
12439.0,682,2,1158.18,1,1,2,112,Hibernating / lost
12440.0,462,2,859.2,1,1,2,112,Hibernating / lost
12441.0,366,1,347.1,1,1,1,111,Hibernating / lost
12442.0,3,1,172.06,3,1,1,311,New customers
12443.0,732,1,485.31,1,1,2,112,Hibernating / lost
12444.0,21,5,5005.46,3,2,3,323,Potential loyalists
12445.0,22,2,434.98,3,1,1,311,New customers
12446.0,57,1,1002.3100000000001,2,1,2,212,Others
12447.0,243,1,476.49,2,1,2,212,Others
12448.0,44,1,449.45,2,1,1,211,Others
12449.0,22,6,4835.89,3,3,3,333,Champions
12450.0,156,5,688.2,2,2,2,222,Others
12451.0,10,8,12669.88,3,3,3,333,Champions
12452.0,16,2,430.57,3,1,1,311,New customers
12453.0,134,1,707.09,2,1,2,212,Others
12454.0,56,5,16679.78,2,2,3,223,Others
12455.0,73,10,5879.95,2,3,3,233,Loyal customers
12456.0,44,3,3181.04,2,2,3,223,Others
12457.0,66,8,2995.91,2,3,3,233,Loyal customers
12458.0,71,4,1777.49,2,2,3,223,Others
12459.0,605,1,454.36,1,1,1,111,Hibernating / lost
12460.0,456,1,326.65,1,1,1,111,Hibernating / lost
12461.0,94,2,826.88,2,1,2,212,Others
12462.0,18,2,1189.59,3,1,2,312,Potential loyalists
12463.0,53,4,1344.78,2,2,2,222,Others
12464.0,10,8,1212.05,3,3,2,332,Loyal customers
12465.0,17,2,742.1899999999999,3,1,2,312,Potential loyalists
12466.0,682,1,56.73,1,1,1,111,Hibernating / lost
12467.0,423,1,132.8,1,1,1,111,Hibernating / lost
12468.0,187,5,3670.74,2,2,3,223,Others
12469.0,522,2,3070.54,1,1,3,113,Hibernating / lost
12470.0,689,1,211.95,1,1,1,111,Hibernating / lost
12471.0,2,79,39963.79,3,3,3,333,Champions
12472.0,32,19,17880.59,3,3,3,333,Champions
12473.0,29,5,3938.5499999999997,3,2,3,323,Potential loyalists
12474.0,17,31,12424.45,3,3,3,333,Champions
12475.0,53,2,1149.64,2,1,2,212,Others
12476.0,15,23,14115.41,3,3,3,333,Champions
12477.0,22,9,20276.37,3,3,3,333,Champions
12478.0,3,1,680.99,3,1,2,312,Potential loyalists
12479.0,11,1,527.2,3,1,2,312,Potential loyalists
12480.0,28,7,5464.85,3,3,3,333,Champions
12481.0,22,15,12361.39,3,3,3,333,Champions
12482.0,576,29,23691.4,1,3,3,133,At risk
12483.0,17,19,5120.58,3,3,3,333,Champions
12484.0,32,12,6370.15,3,3,3,333,Champions
12485.0,529,1,708.1,1,1,2,112,Hibernating / lost
12486.0,431,1,1037.28,1,1,2,112,Hibernating / lost
12487.0,730,1,285.29999999999995,1,1,1,111,Hibernating / lost
12488.0,9,3,1298.66,3,2,2,322,Potential loyalists
12489.0,336,1,334.93,1,1,1,111,Hibernating / lost
12490.0,5,21,9823.64,3,3,3,333,Champions
12491.0,38,1,460.40000000000003,3,1,1,311,New customers
12492.0,63,3,715.21,2,2,2,222,Others
12493.0,165,2,433.74,2,1,1,211,Others
12494.0,15,9,1872.8700000000001,3,3,3,333,Champions
12495.0,640,1,357.4,1,1,1,111,Hibernating / lost
12496.0,620,2,54.09,1,1,1,111,Hibernating / lost
12497.0,81,3,6248.5,2,2,3,223,Others
12498.0,21,3,403.70000000000005,3,2,1,321,Potential loyalists
12499.0,560,1,393.72,1,1,1,111,Hibernating / lost
12500.0,23,19,5955.21,3,3,3,333,Champions
12501.0,336,1,2169.39,1,1,3,113,Hibernating / lost
12502.0,95,5,3723.87,2,2,3,223,Others
12503.0,584,1,1126.0,1,1,2,112,Hibernating / lost
12504.0,18,4,779.05,3,2,2,322,Potential loyalists
12505.0,408,1,955.2,1,1,2,112,Hibernating / lost
12506.0,232,1,73.5,2,1,1,211,Others
12507.0,134,4,1844.06,2,2,3,223,Others
12508.0,26,2,398.27,3,1,1,311,New customers
12509.0,284,1,176.5,1,1,1,111,Hibernating / lost
12510.0,142,9,5178.02,2,3,3,233,Loyal customers
12511.0,428,1,3084.02,1,1,3,113,Hibernating / lost
12512.0,66,2,138.03,2,1,1,211,Others
12513.0,112,1,612.29,2,1,2,212,Others
12514.0,267,2,1597.76,1,1,2,112,Hibernating / lost
12515.0,353,1,383.7,1,1,1,111,Hibernating / lost
12516.0,77,4,2648.62,2,2,3,223,Others
12517.0,28,5,2502.84,3,2,3,323,Potential loyalists
12518.0,0,5,2056.89,3,2,3,323,Potential loyalists
12519.0,63,2,726.54,2,1,2,212,Others
12520.0,79,5,2634.26,2,2,3,223,Others
12521.0,142,1,599.68,2,1,2,212,Others
12522.0,39,2,192.72,3,1,1,311,New customers
12523.0,19,23,4372.15,3,3,3,333,Champions
12524.0,9,17,11126.11,3,3,3,333,Champions
12525.0,498,3,973.73,1,2,2,122,At risk
12526.0,0,3,1316.66,3,2,2,322,Potential loyalists
12527.0,81,5,735.51,2,2,2,222,Others
12528.0,9,6,1933.48,3,3,3,333,Champions
12529.0,528,1,316.48,1,1,1,111,Hibernating / lost
12530.0,59,9,3759.26,2,3,3,233,Loyal customers
12531.0,14,2,1933.2,3,1,3,313,Potential loyalists
12532.0,30,1,349.83000000000004,3,1,1,311,New customers
12533.0,627,2,1367.89,1,1,2,112,Hibernating / lost
12534.0,130,1,1089.18,2,1,2,212,Others
12535.0,91,2,716.35,2,1,2,212,Others
12536.0,43,3,12601.830000000002,2,2,3,223,Others
12537.0,408,1,732.94,1,1,2,112,Hibernating / lost
12538.0,29,2,640.45,3,1,2,312,Potential loyalists
12539.0,22,7,11214.75,3,3,3,333,Champions
12540.0,19,33,22254.49,3,3,3,333,Champions
12541.0,29,3,981.18,3,2,2,322,Potential loyalists
12542.0,484,2,481.88,1,1,2,112,Hibernating / lost
12543.0,448,1,980.25,1,1,2,112,Hibernating / lost
12544.0,36,1,372.7,3,1,1,311,New customers
12545.0,75,2,1000.39,2,1,2,212,Others
12546.0,46,2,1161.5,2,1,2,212,Others
12547.0,197,3,383.58,2,2,1,221,Others
12548.0,166,1,95.19999999999999,2,1,1,211,Others
12549.0,575,6,1575.68,1,3,2,132,At risk
12550.0,79,1,964.83,2,1,2,212,Others
12551.0,357,1,168.0,1,1,1,111,Hibernating / lost
12552.0,38,2,437.82,3,1,1,311,New customers
12553.0,8,12,4608.75,3,3,3,333,Champions
12554.0,448,1,468.5,1,1,1,111,Hibernating / lost
12555.0,682,1,129.23,1,1,1,111,Hibernating / lost
12556.0,50,2,603.71,2,1,2,212,Others
12557.0,16,8,18716.14,3,3,3,333,Champions
12558.0,7,1,269.96,3,1,1,311,New customers
12559.0,310,2,561.71,1,1,2,112,Hibernating / lost
12560.0,5,3,2134.01,3,2,3,323,Potential loyalists
12561.0,302,1,238.85,1,1,1,111,Hibernating / lost
12562.0,8,9,4966.92,3,3,3,333,Champions
12563.0,408,1,249.24,1,1,1,111,Hibernating / lost
12564.0,261,1,456.9,2,1,1,211,Others
12565.0,288,1,145.92,1,1,1,111,Hibernating / lost
12566.0,86,1,351.65,2,1,1,211,Others
12567.0,22,15,13709.86,3,3,3,333,Champions
12568.0,644,1,70.0,1,1,1,111,Hibernating / lost
12569.0,2,32,4124.69,3,3,3,333,Champions
12570.0,682,1,77.52,1,1,1,111,Hibernating / lost
12571.0,39,2,519.61,3,1,2,312,Potential loyalists
12572.0,8,2,1020.42,3,1,2,312,Potential loyalists
12573.0,227,5,717.41,2,2,2,222,Others
12574.0,315,1,218.45,1,1,1,111,Hibernating / lost
12575.0,457,2,622.8199999999999,1,1,2,112,Hibernating / lost
12576.0,35,8,2142.72,3,3,3,333,Champions
12577.0,35,8,1653.75,3,3,3,333,Champions
12578.0,21,4,4642.45,3,2,3,323,Potential loyalists
12579.0,78,1,440.42,2,1,1,211,Others
12580.0,246,2,1052.9,2,1,2,212,Others
12581.0,39,1,197.71,3,1,1,311,New customers
12582.0,238,4,1980.4,2,2,3,223,Others
12583.0,2,27,14447.44,3,3,3,333,Champions
12584.0,3,9,2338.15,3,3,3,333,Champions
12585.0,234,2,2040.1,2,1,3,213,Others
12586.0,17,4,2062.67,3,2,3,323,Potential loyalists
12587.0,7,1,144.0,3,1,1,311,New customers
12588.0,39,4,958.78,3,2,2,322,Potential loyalists
12589.0,28,8,4695.66,3,3,3,333,Champions
12590.0,211,2,9864.26,2,1,3,213,Others
12591.0,317,3,1352.15,1,2,2,122,At risk
12592.0,92,5,2582.66,2,2,3,223,Others
12593.0,108,3,418.09999999999997,2,2,1,221,Others
12594.0,37,15,5090.110000000001,3,3,3,333,Champions
12595.0,504,1,299.02,1,1,1,111,Hibernating / lost
12596.0,51,2,618.27,2,1,2,212,Others
12597.0,19,4,3811.22,3,2,3,323,Potential loyalists
12598.0,9,11,4534.09,3,3,3,333,Champions
12599.0,29,13,2296.72,3,3,3,333,Champions
12600.0,28,21,5043.92,3,3,3,333,Champions
12601.0,189,6,681.26,2,3,2,232,Loyal customers
12602.0,58,1,153.12,2,1,1,211,Others
12603.0,21,1,739.1999999999999,3,1,2,312,Potential loyalists
12604.0,79,2,254.18,2,1,1,211,Others
12605.0,376,4,1232.95,1,2,2,122,At risk
12606.0,682,1,21.0,1,1,1,111,Hibernating / lost
12607.0,60,1,1579.51,2,1,2,212,Others
12608.0,404,1,415.79,1,1,1,111,Hibernating / lost
12609.0,78,9,3435.86,2,3,3,233,Loyal customers
12610.0,22,5,2099.54,3,2,3,323,Potential loyalists
12611.0,52,1,1193.32,2,1,2,212,Others
12612.0,74,1,704.0400000000001,2,1,2,212,Others
12613.0,57,10,6835.07,2,3,3,233,Loyal customers
12614.0,277,1,315.6,1,1,1,111,Hibernating / lost
12615.0,2,8,5740.98,3,3,3,333,Champions
12616.0,95,3,1131.1,2,2,2,222,Others
12617.0,29,1,355.53,3,1,1,311,New customers
12618.0,21,1,177.31,3,1,1,311,New customers
12619.0,16,10,3781.38,3,3,3,333,Champions
12620.0,14,3,1339.41,3,2,2,322,Potential loyalists
12621.0,1,35,24775.81,3,3,3,333,Champions
12622.0,232,1,180.1,2,1,1,211,Others
12623.0,276,7,3747.84,1,3,3,133,At risk
12624.0,106,2,641.13,2,1,2,212,Others
12625.0,211,4,5164.88,2,2,3,223,Others
12626.0,23,9,6620.48,3,3,3,333,Champions
12627.0,10,7,4478.53,3,3,3,333,Champions
12628.0,4,3,786.46,3,2,2,322,Potential loyalists
12629.0,385,2,1558.22,1,1,2,112,Hibernating / lost
12630.0,9,2,1270.88,3,1,2,312,Potential loyalists
12631.0,57,6,3481.57,2,3,3,233,Loyal customers
12632.0,520,2,804.88,1,1,2,112,Hibernating / lost
12633.0,58,7,5678.16,2,3,3,233,Loyal customers
12634.0,535,2,490.0,1,1,2,112,Hibernating / lost
12635.0,89,4,2930.41,2,2,3,223,Others
12636.0,738,1,141.0,1,1,1,111,Hibernating / lost
12637.0,67,12,8340.31,2,3,3,233,Loyal customers
12638.0,33,2,921.49,3,1,2,312,Potential loyalists
12639.0,238,3,1312.37,2,2,2,222,Others
12640.0,23,3,1174.58,3,2,2,322,Potential loyalists
12641.0,115,1,185.9,2,1,1,211,Others
12642.0,25,3,1013.26,3,2,2,322,Potential loyalists
12643.0,128,12,8350.42,2,3,3,233,Loyal customers
12644.0,129,4,1918.49,2,2,3,223,Others
12645.0,33,8,3539.3,3,3,3,333,Champions
12646.0,4,2,1346.97,3,1,2,312,Potential loyalists
12647.0,22,36,17924.35,3,3,3,333,Champions
12648.0,154,4,1112.0,2,2,2,222,Others
12649.0,107,8,2294.65,2,3,3,233,Loyal customers
12650.0,3,1,314.44,3,1,1,311,New customers
12651.0,334,4,377.75,1,2,1,121,At risk
12652.0,331,2,1017.03,1,1,2,112,Hibernating / lost
12653.0,148,3,4160.83,2,2,3,223,Others
12654.0,10,5,601.98,3,2,2,322,Potential loyalists
12655.0,423,1,261.35,1,1,1,111,Hibernating / lost
12656.0,17,8,6407.83,3,3,3,333,Champions
12657.0,11,4,1643.18,3,2,3,323,Potential loyalists
12658.0,18,1,686.05,3,1,2,312,Potential loyalists
12659.0,29,1,91.68,3,1,1,311,New customers
12660.0,11,1,245.1,3,1,1,311,New customers
12661.0,436,1,162.0,1,1,1,111,Hibernating / lost
12662.0,0,20,6988.02,3,3,3,333,Champions
12663.0,624,2,239.4,1,1,1,111,Hibernating / lost
12664.0,8,11,6070.04,3,3,3,333,Champions
12665.0,324,3,313.6,1,2,1,121,At risk
12666.0,394,1,1248.42,1,1,2,112,Hibernating / lost
12667.0,58,1,620.13,2,1,2,212,Others
12668.0,11,10,11444.68,3,3,3,333,Champions
12669.0,150,3,2744.0299999999997,2,2,3,223,Others
12670.0,10,7,3760.29,3,3,3,333,Champions
12671.0,606,1,2622.481,1,1,3,113,Hibernating / lost
12672.0,329,2,437.05,1,1,1,111,Hibernating / lost
12673.0,5,3,1230.02,3,2,2,322,Potential loyalists
12674.0,38,4,1970.6,3,2,3,323,Potential loyalists
12675.0,553,2,958.5,1,1,2,112,Hibernating / lost
12676.0,24,11,2843.09,3,3,3,333,Champions
12677.0,555,2,395.1,1,1,1,111,Hibernating / lost
12678.0,42,21,34281.18,2,3,3,233,Loyal customers
12679.0,58,4,1113.02,2,2,2,222,Others
12680.0,0,4,880.81,3,2,2,322,Potential loyalists
12681.0,14,45,30868.28,3,3,3,333,Champions
12682.0,3,52,24033.91,3,3,3,333,Champions
12683.0,4,21,12696.78,3,3,3,333,Champions
12684.0,7,7,2283.63,3,3,3,333,Champions
12685.0,28,6,2863.08,3,3,3,333,Champions
12686.0,371,1,178.28,1,1,1,111,Hibernating / lost
12687.0,480,2,2138.91,1,1,3,113,Hibernating / lost
12688.0,113,1,4873.8099999999995,2,1,3,213,Others
12689.0,25,2,1247.61,3,1,2,312,Potential loyalists
12690.0,205,1,389.01,2,1,1,211,Others
12691.0,28,7,1170.4,3,3,2,332,Loyal customers
12692.0,637,1,110.95,1,1,1,111,Hibernating / lost
12693.0,127,7,1703.02,2,3,3,233,Loyal customers
12694.0,70,3,1843.35,2,2,3,223,Others
12695.0,7,7,1407.1200000000001,3,3,2,332,Loyal customers
12696.0,434,2,851.91,1,1,2,112,Hibernating / lost
12697.0,28,3,957.59,3,2,2,322,Potential loyalists
12698.0,590,1,339.75,1,1,1,111,Hibernating / lost
12699.0,417,1,638.11,1,1,2,112,Hibernating / lost
12700.0,7,4,4939.99,3,2,3,323,Potential loyalists
12701.0,79,6,2446.41,2,3,3,233,Loyal customers
12702.0,19,1,219.0,3,1,1,311,New customers
12703.0,71,4,1006.53,2,2,2,222,Others
12704.0,7,8,2340.84,3,3,3,333,Champions
12705.0,15,14,11762.1,3,3,3,333,Champions
12707.0,291,1,603.42,1,1,2,112,Hibernating / lost
12708.0,29,18,5314.1,3,3,3,333,Champions
12709.0,15,34,31093.34,3,3,3,333,Champions
12710.0,96,3,1149.02,2,2,2,222,Others
12711.0,611,2,1339.05,1,1,2,112,Hibernating / lost
12712.0,28,21,7193.66,3,3,3,333,Champions
12713.0,0,1,848.55,3,1,2,312,Potential loyalists
12714.0,9,12,14093.71,3,3,3,333,Champions
12715.0,106,1,353.86,2,1,1,211,Others
12716.0,3,2,1053.49,3,1,2,312,Potential loyalists
12717.0,151,3,1308.91,2,2,2,222,Others
12718.0,71,1,238.25,2,1,1,211,Others
12719.0,5,2,644.95,3,1,2,312,Potential loyalists
12720.0,2,30,8260.67,3,3,3,333,Champions
12721.0,31,8,4013.08,3,3,3,333,Champions
12722.0,85,4,997.63,2,2,2,222,Others
12723.0,3,5,725.07,3,2,2,322,Potential loyalists
12724.0,5,7,2317.52,3,3,3,333,Champions
12725.0,371,4,2694.56,1,2,3,123,At risk
12726.0,28,11,4014.6,3,3,3,333,Champions
12727.0,10,10,5679.53,3,3,3,333,Champions
12728.0,71,5,1070.17,2,2,2,222,Others
12729.0,113,1,453.01,2,1,1,211,Others
12730.0,521,1,829.25,1,1,2,112,Hibernating / lost
12731.0,23,17,25775.71,3,3,3,333,Champions
12732.0,179,1,236.26000000000002,2,1,1,211,Others
12733.0,234,4,2424.87,2,2,3,223,Others
12734.0,352,3,639.65,1,2,2,122,At risk
12735.0,315,2,779.5699999999999,1,1,2,112,Hibernating / lost
12736.0,332,1,234.0,1,1,1,111,Hibernating / lost
12737.0,498,2,3710.5,1,1,3,113,Hibernating / lost
12738.0,372,1,310.7,1,1,1,111,Hibernating / lost
12739.0,78,4,2726.73,2,2,3,223,Others
12740.0,63,1,427.6,2,1,1,211,Others
12741.0,529,2,406.07,1,1,1,111,Hibernating / lost
12742.0,625,1,1201.52,1,1,2,112,Hibernating / lost
12743.0,134,2,546.43,2,1,2,212,Others
12744.0,51,11,25317.06,2,3,3,233,Loyal customers
12745.0,486,3,925.41,1,2,2,122,At risk
12746.0,540,1,254.55,1,1,1,111,Hibernating / lost
12747.0,2,26,9276.539999999999,3,3,3,333,Champions
12748.0,0,336,56599.39,3,3,3,333,Champions
12749.0,3,9,6897.36,3,3,3,333,Champions
12750.0,128,1,275.88,2,1,1,211,Others
12751.0,444,1,268.27,1,1,1,111,Hibernating / lost
12752.0,81,1,4366.78,2,1,3,213,Others
12753.0,22,6,21429.39,3,3,3,333,Champions
12754.0,235,3,3010.74,2,2,3,223,Others
12755.0,280,11,9030.66,1,3,3,133,At risk
12756.0,86,1,112.07999999999998,2,1,1,211,Others
12757.0,15,13,7857.1,3,3,3,333,Champions
12758.0,116,7,9903.24,2,3,3,233,Loyal customers
12759.0,52,8,5020.74,2,3,3,233,Loyal customers
12760.0,455,1,347.8,1,1,1,111,Hibernating / lost
12761.0,457,2,782.95,1,1,2,112,Hibernating / lost
12762.0,7,2,1898.52,3,1,3,313,Potential loyalists
12763.0,138,2,814.16,2,1,2,212,Others
12764.0,316,1,1693.88,1,1,3,113,Hibernating / lost
12765.0,472,6,1404.58,1,3,2,132,At risk
12766.0,3,9,10068.28,3,3,3,333,Champions
12767.0,375,1,949.82,1,1,2,112,Hibernating / lost
12768.0,450,1,168.69000000000003,1,1,1,111,Hibernating / lost
12769.0,238,1,1143.6,2,1,2,212,Others
12770.0,210,2,3246.45,2,1,3,213,Others
12771.0,485,1,282.3,1,1,1,111,Hibernating / lost
12772.0,59,1,892.47,2,1,2,212,Others
12773.0,564,1,124.25,1,1,1,111,Hibernating / lost
12774.0,535,1,98.7,1,1,1,111,Hibernating / lost
12775.0,17,7,1686.12,3,3,3,333,Champions
12776.0,667,1,55.5,1,1,1,111,Hibernating / lost
12777.0,457,1,519.45,1,1,2,112,Hibernating / lost
12778.0,19,9,1775.68,3,3,3,333,Champions
12779.0,37,14,6722.2699999999995,3,3,3,333,Champions
12780.0,598,1,337.4,1,1,1,111,Hibernating / lost
12781.0,63,2,826.74,2,1,2,212,Others
12782.0,4,11,4618.24,3,3,3,333,Champions
12783.0,2,6,2225.91,3,3,3,333,Champions
12784.0,9,3,1804.75,3,2,3,323,Potential loyalists
12785.0,364,3,1100.4,1,2,2,122,At risk
12786.0,609,1,728.5,1,1,2,112,Hibernating / lost
12787.0,9,4,862.18,3,2,2,322,Potential loyalists
12788.0,463,4,444.9,1,2,1,121,At risk
12789.0,65,3,273.35,2,2,1,221,Others
12790.0,192,2,591.85,2,1,2,212,Others
12791.0,373,6,1056.1100000000001,1,3,2,132,At risk
12792.0,256,2,827.01,2,1,2,212,Others
12793.0,334,3,1017.33,1,2,2,122,At risk
12794.0,53,2,860.41,2,1,2,212,Others
12795.0,18,1,430.48,3,1,1,311,New customers
12796.0,628,1,381.0,1,1,1,111,Hibernating / lost
12797.0,365,2,806.11,1,1,2,112,Hibernating / lost
12798.0,10,4,8510.93,3,2,3,323,Potential loyalists
12799.0,529,1,219.35,1,1,1,111,Hibernating / lost
12800.0,470,3,584.25,1,2,2,122,At risk
12801.0,500,1,1071.82,1,1,2,112,Hibernating / lost
12802.0,186,7,2416.42,2,3,3,233,Loyal customers
12803.0,393,1,1092.81,1,1,2,112,Hibernating / lost
12804.0,465,2,327.02,1,1,1,111,Hibernating / lost
12805.0,381,4,1434.95,1,2,2,122,At risk
12806.0,435,4,2878.96,1,2,3,123,At risk
12807.0,383,1,330.35,1,1,1,111,Hibernating / lost
12808.0,36,5,906.1,3,2,2,322,Potential loyalists
12809.0,177,3,1755.94,2,2,3,223,Others
12810.0,534,2,534.99,1,1,2,112,Hibernating / lost
12811.0,260,5,1033.9,2,2,2,222,Others
12812.0,44,1,229.64000000000001,2,1,1,211,Others
12813.0,501,3,1687.8,1,2,3,123,At risk
12814.0,101,1,125.92,2,1,1,211,Others
12815.0,147,2,1063.46,2,1,2,212,Others
12816.0,95,2,572.2,2,1,2,212,Others
12817.0,281,3,690.98,1,2,2,122,At risk
12818.0,261,1,1542.08,2,1,2,212,Others
12819.0,458,1,540.52,1,1,2,112,Hibernating / lost
12820.0,3,11,2689.52,3,3,3,333,Champions
12821.0,214,2,220.8,2,1,1,211,Others
12822.0,70,2,948.88,2,1,2,212,Others
12823.0,74,18,6501.5,2,3,3,233,Loyal customers
12824.0,59,1,397.12,2,1,1,211,Others
12825.0,521,2,518.63,1,1,2,112,Hibernating / lost
12826.0,2,12,2955.75,3,3,3,333,Champions
12827.0,5,3,430.15000000000003,3,2,1,321,Potential loyalists
12828.0,2,6,1018.71,3,3,2,332,Loyal customers
12829.0,336,3,385.3,1,2,1,121,At risk
12830.0,37,6,6814.64,3,3,3,333,Champions
12831.0,262,3,451.11,2,2,1,221,Others
12832.0,32,2,383.03,3,1,1,311,New customers
12833.0,145,1,417.38,2,1,1,211,Others
12834.0,282,1,312.38,1,1,1,111,Hibernating / lost
12835.0,427,41,6043.31,1,3,3,133,At risk
12836.0,59,15,6585.62,2,3,3,233,Loyal customers
12837.0,173,2,688.41,2,1,2,212,Others
12838.0,33,10,3398.48,3,3,3,333,Champions
12839.0,2,26,10071.73,3,3,3,333,Champions
12840.0,143,7,4041.97,2,3,3,233,Loyal customers
12841.0,4,40,7540.68,3,3,3,333,Champions
12842.0,70,4,1917.99,2,2,3,223,Others
12843.0,65,30,6588.41,2,3,3,233,Loyal customers
12844.0,29,4,648.6,3,2,2,322,Potential loyalists
12845.0,267,4,354.09,1,2,1,121,At risk
12846.0,682,1,15.58,1,1,1,111,Hibernating / lost
12847.0,22,2,1636.8999999999999,3,1,3,313,Potential loyalists
12848.0,675,1,208.0,1,1,1,111,Hibernating / lost
12849.0,31,6,3090.56,3,3,3,333,Champions
12850.0,445,1,330.0,1,1,1,111,Hibernating / lost
12851.0,96,2,284.13,2,1,1,211,Others
12852.0,294,1,311.55,1,1,1,111,Hibernating / lost
12853.0,134,11,3907.5,2,3,3,233,Loyal customers
12854.0,78,7,2994.02,2,3,3,233,Loyal customers
12855.0,372,4,650.9399999999999,1,2,2,122,At risk
12856.0,7,6,2179.93,3,3,3,333,Champions
12857.0,210,6,3688.0,2,3,3,233,Loyal customers
12858.0,383,1,177.92,1,1,1,111,Hibernating / lost
12859.0,458,1,575.1,1,1,2,112,Hibernating / lost
12860.0,693,1,55.47,1,1,1,111,Hibernating / lost
12861.0,619,1,68.25,1,1,1,111,Hibernating / lost
12862.0,425,2,1008.3199999999999,1,1,2,112,Hibernating / lost
12863.0,52,6,2792.5499999999997,2,3,3,233,Loyal customers
12864.0,138,2,299.57,2,1,1,211,Others
12865.0,26,4,3323.47,3,2,3,323,Potential loyalists
12866.0,283,3,1227.35,1,2,2,122,At risk
12867.0,26,13,7913.29,3,3,3,333,Champions
12868.0,185,8,2247.06,2,3,3,233,Loyal customers
12869.0,681,1,337.66999999999996,1,1,1,111,Hibernating / lost
12870.0,375,3,1676.95,1,2,3,123,At risk
12871.0,84,3,744.02,2,2,2,222,Others
12872.0,326,12,3685.4900000000002,1,3,3,133,At risk
12873.0,282,3,2027.3,1,2,3,123,At risk
12874.0,385,2,948.42,1,1,2,112,Hibernating / lost
12875.0,143,5,1356.99,2,2,2,222,Others
12876.0,57,4,4081.79,2,2,3,223,Others
12877.0,3,20,2955.17,3,3,3,333,Champions
12878.0,236,2,854.99,2,1,2,212,Others
12879.0,44,3,573.22,2,2,2,222,Others
12880.0,381,2,640.13,1,1,2,112,Hibernating / lost
12881.0,275,1,298.0,1,1,1,111,Hibernating / lost
12882.0,9,2,1463.04,3,1,2,312,Potential loyalists
12883.0,24,4,703.47,3,2,2,322,Potential loyalists
12884.0,88,1,309.05,2,1,1,211,Others
12885.0,63,3,1175.22,2,2,2,222,Others
12886.0,67,2,1378.4,2,1,2,212,Others
12887.0,383,1,222.4,1,1,1,111,Hibernating / lost
12888.0,214,2,354.12,2,1,1,211,Others
12889.0,381,4,385.46000000000004,1,2,1,121,At risk
12890.0,24,2,717.27,3,1,2,312,Potential loyalists
12891.0,185,11,840.5,2,3,2,232,Loyal customers
12892.0,396,1,263.38,1,1,1,111,Hibernating / lost
12893.0,30,1,188.14,3,1,1,311,New customers
12894.0,575,1,157.35,1,1,1,111,Hibernating / lost
12895.0,42,2,372.8,2,1,1,211,Others
12897.0,204,4,514.25,2,2,2,222,Others
12898.0,463,2,310.96000000000004,1,1,1,111,Hibernating / lost
12899.0,413,1,366.4,1,1,1,111,Hibernating / lost
12900.0,422,1,340.33,1,1,1,111,Hibernating / lost
12901.0,8,28,17654.54,3,3,3,333,Champions
12902.0,264,1,138.68,2,1,1,211,Others
12903.0,428,1,833.53,1,1,2,112,Hibernating / lost
12904.0,18,2,509.58,3,1,2,312,Potential loyalists
12905.0,576,2,1018.42,1,1,2,112,Hibernating / lost
12906.0,11,5,2919.81,3,2,3,323,Potential loyalists
12907.0,395,2,508.91,1,1,2,112,Hibernating / lost
12908.0,176,5,1776.0,2,2,3,223,Others
12909.0,39,8,3103.19,3,3,3,333,Champions
12910.0,23,13,5796.52,3,3,3,333,Champions
12911.0,551,1,1680.47,1,1,3,113,Hibernating / lost
12912.0,2,5,1662.3,3,2,3,323,Potential loyalists
12913.0,4,13,6700.860000000001,3,3,3,333,Champions
12914.0,400,1,223.98,1,1,1,111,Hibernating / lost
12915.0,148,4,1174.75,2,2,2,222,Others
12916.0,138,7,4654.0199999999995,2,3,3,233,Loyal customers
12917.0,128,6,4359.2,2,3,3,233,Loyal customers
12918.0,626,1,10953.5,1,1,3,113,Hibernating / lost
12919.0,8,6,1335.19,3,3,2,332,Loyal customers
12920.0,17,4,488.09000000000003,3,2,2,322,Potential loyalists
12921.0,9,74,35921.04,3,3,3,333,Champions
12922.0,161,1,405.38,2,1,1,211,Others
12923.0,64,3,789.87,2,2,2,222,Others
12924.0,88,12,2469.4,2,3,3,233,Loyal customers
12925.0,4,3,729.3299999999999,3,2,2,322,Potential loyalists
12926.0,411,4,1548.46,1,2,2,122,At risk
12927.0,394,1,197.31,1,1,1,111,Hibernating / lost
12928.0,35,12,4304.89,3,3,3,333,Champions
12929.0,311,1,117.85,1,1,1,111,Hibernating / lost
12930.0,78,2,415.8,2,1,1,211,Others
12931.0,21,57,92347.34,3,3,3,333,Champions
12932.0,539,8,1698.56,1,3,3,133,At risk
12933.0,24,8,1687.03,3,3,3,333,Champions
12934.0,736,1,181.65,1,1,1,111,Hibernating / lost
12935.0,2,15,4243.86,3,3,3,333,Champions
12936.0,17,4,1063.9,3,2,2,322,Potential loyalists
12937.0,15,9,3097.61,3,3,3,333,Champions
12938.0,25,1,114.14,3,1,1,311,New customers
12939.0,64,20,25264.8,2,3,3,233,Loyal customers
12940.0,54,2,913.54,2,1,2,212,Others
12941.0,724,1,377.49,1,1,1,111,Hibernating / lost
12942.0,131,3,942.65,2,2,2,222,Others
12943.0,558,2,496.5,1,1,2,112,Hibernating / lost
12944.0,35,2,604.51,3,1,2,312,Potential loyalists
12945.0,288,2,900.11,1,1,2,112,Hibernating / lost
12946.0,436,1,324.45,1,1,1,111,Hibernating / lost
12947.0,143,6,1908.03,2,3,3,233,Loyal customers
12948.0,16,9,2317.43,3,3,3,333,Champions
12949.0,30,22,15526.7,3,3,3,333,Champions
12950.0,2,3,1843.0,3,2,3,323,Potential loyalists
12951.0,8,15,3213.7200000000003,3,3,3,333,Champions
12952.0,5,4,1387.79,3,2,2,322,Potential loyalists
12953.0,9,2,828.8100000000001,3,1,2,312,Potential loyalists
12954.0,638,1,162.45,1,1,1,111,Hibernating / lost
12955.0,1,11,4757.16,3,3,3,333,Champions
12956.0,306,4,521.89,1,2,2,122,At risk
12957.0,9,13,8706.97,3,3,3,333,Champions
12958.0,400,2,539.49,1,1,2,112,Hibernating / lost
12959.0,484,1,150.95,1,1,1,111,Hibernating / lost
12960.0,413,4,1322.07,1,2,2,122,At risk
12961.0,379,1,211.99,1,1,1,111,Hibernating / lost
12962.0,7,2,266.39,3,1,1,311,New customers
12963.0,8,12,3601.59,3,3,3,333,Champions
12964.0,437,1,132.24,1,1,1,111,Hibernating / lost
12965.0,89,1,771.91,2,1,2,212,Others
12966.0,9,1,160.18,3,1,1,311,New customers
12967.0,358,3,4306.92,1,2,3,123,At risk
12968.0,112,1,135.95,2,1,1,211,Others
12969.0,602,1,122.45,1,1,1,111,Hibernating / lost
12970.0,7,10,1524.97,3,3,2,332,Loyal customers
12971.0,3,116,15972.79,3,3,3,333,Champions
12972.0,413,4,1161.2,1,2,2,122,At risk
12973.0,413,1,385.55,1,1,1,111,Hibernating / lost
12974.0,197,2,408.95,2,1,1,211,Others
12975.0,436,6,2100.09,1,3,3,133,At risk
12976.0,211,8,3156.38,2,3,3,233,Loyal customers
12977.0,156,4,517.63,2,2,2,222,Others
12978.0,385,5,2502.82,1,2,3,123,At risk
12979.0,729,1,517.7,1,1,2,112,Hibernating / lost
12980.0,157,21,16245.78,2,3,3,233,Loyal customers
12981.0,29,2,372.21999999999997,3,1,1,311,New customers
12982.0,242,8,2744.81,2,3,3,233,Loyal customers
12983.0,598,1,490.08000000000004,1,1,2,112,Hibernating / lost
12984.0,18,1,97.5,3,1,1,311,New customers
12985.0,0,2,1239.38,3,1,2,312,Potential loyalists
12986.0,428,10,2729.84,1,3,3,133,At risk
12987.0,73,5,1312.21,2,2,2,222,Others
12988.0,292,1,535.32,1,1,2,112,Hibernating / lost
12989.0,3,33,13551.75,3,3,3,333,Champions
12990.0,31,7,955.5,3,3,2,332,Loyal customers
12991.0,23,3,764.82,3,2,2,322,Potential loyalists
12992.0,725,1,93.35000000000001,1,1,1,111,Hibernating / lost
12993.0,23,8,1259.6299999999999,3,3,2,332,Loyal customers
12994.0,4,3,974.4200000000001,3,2,2,322,Potential loyalists
12995.0,85,1,211.32,2,1,1,211,Others
12996.0,375,1,355.5,1,1,1,111,Hibernating / lost
12997.0,22,8,2110.91,3,3,3,333,Champions
12998.0,492,3,920.08,1,2,2,122,At risk
12999.0,196,3,455.88,2,2,1,221,Others
13000.0,106,4,1032.5,2,2,2,222,Others
13001.0,4,33,24172.100000000002,3,3,3,333,Champions
13002.0,318,3,414.13,1,2,1,121,At risk
13003.0,105,3,149.05,2,2,1,221,Others
13004.0,11,36,11650.85,3,3,3,333,Champions
13005.0,173,4,999.68,2,2,2,222,Others
13006.0,56,1,81.57,2,1,1,211,Others
13007.0,579,1,175.25,1,1,1,111,Hibernating / lost
13008.0,323,3,612.13,1,2,2,122,At risk
13009.0,672,1,234.0,1,1,1,111,Hibernating / lost
13010.0,374,2,330.12,1,1,1,111,Hibernating / lost
13011.0,372,1,101.10000000000001,1,1,1,111,Hibernating / lost
13012.0,9,11,2972.83,3,3,3,333,Champions
13013.0,1,29,12625.77,3,3,3,333,Champions
13014.0,10,11,5381.08,3,3,3,333,Champions
13015.0,53,11,6586.42,2,3,3,233,Loyal customers
13016.0,73,3,789.89,2,2,2,222,Others
13017.0,7,1,204.0,3,1,1,311,New customers
13018.0,16,35,9763.16,3,3,3,333,Champions
13019.0,379,6,1229.95,1,3,2,132,At risk
13020.0,562,2,618.96,1,1,2,112,Hibernating / lost
13021.0,4,17,4887.24,3,3,3,333,Champions
13022.0,429,1,65.3,1,1,1,111,Hibernating / lost
13023.0,64,3,1449.03,2,2,2,222,Others
13024.0,470,2,555.87,1,1,2,112,Hibernating / lost
13025.0,731,1,323.39,1,1,1,111,Hibernating / lost
13026.0,1,9,1733.08,3,3,3,333,Champions
13027.0,113,19,17335.2,2,3,3,233,Loyal customers
13028.0,22,2,661.3199999999999,3,1,2,312,Potential loyalists
13029.0,30,5,1927.3,3,2,3,323,Potential loyalists
13030.0,11,2,1227.22,3,1,2,312,Potential loyalists
13031.0,407,5,3419.27,1,2,3,123,At risk
13032.0,52,9,2843.55,2,3,3,233,Loyal customers
13033.0,357,2,220.55,1,1,1,111,Hibernating / lost
13034.0,54,3,922.68,2,2,2,222,Others
13035.0,73,3,1364.2,2,2,2,222,Others
13036.0,684,1,307.1,1,1,1,111,Hibernating / lost
13037.0,138,12,3914.9500000000003,2,3,3,233,Loyal customers
13038.0,80,3,908.46,2,2,2,222,Others
13039.0,584,4,1010.73,1,2,2,122,At risk
13040.0,8,2,676.99,3,1,2,312,Potential loyalists
13041.0,450,4,799.13,1,2,2,122,At risk
13042.0,598,3,1556.54,1,2,2,122,At risk
13043.0,273,1,516.42,1,1,2,112,Hibernating / lost
13044.0,291,11,4853.9,1,3,3,133,At risk
13045.0,99,3,808.92,2,2,2,222,Others
13046.0,30,3,949.25,3,2,2,322,Potential loyalists
13047.0,31,24,8795.16,3,3,3,333,Champions
13048.0,14,9,4084.21,3,3,3,333,Champions
13049.0,64,4,1408.24,2,2,2,222,Others
13050.0,14,35,12344.53,3,3,3,333,Champions
13051.0,578,2,155.8,1,1,1,111,Hibernating / lost
13052.0,212,7,3168.53,2,3,3,233,Loyal customers
13053.0,621,1,127.65,1,1,1,111,Hibernating / lost
13055.0,78,4,2321.11,2,2,3,223,Others
13056.0,551,1,209.48,1,1,1,111,Hibernating / lost
13057.0,530,3,722.09,1,2,2,122,At risk
13058.0,24,3,271.40000000000003,3,2,1,321,Potential loyalists
13059.0,249,10,2303.17,2,3,3,233,Loyal customers
13060.0,253,1,307.53,2,1,1,211,Others
13061.0,72,1,248.61,2,1,1,211,Others
13062.0,191,1,346.98,2,1,1,211,Others
13063.0,480,1,188.4,1,1,1,111,Hibernating / lost
13064.0,12,6,1680.74,3,3,3,333,Champions
13065.0,373,5,1260.91,1,2,2,122,At risk
13066.0,24,2,470.8,3,1,1,311,New customers
13067.0,82,3,508.51,2,2,2,222,Others
13068.0,10,2,344.0,3,1,1,311,New customers
13069.0,0,38,9683.13,3,3,3,333,Champions
13070.0,192,4,751.7,2,2,2,222,Others
13071.0,612,1,129.22,1,1,1,111,Hibernating / lost
13072.0,266,1,177.15,1,1,1,111,Hibernating / lost
13073.0,411,2,418.08,1,1,1,111,Hibernating / lost
13074.0,511,4,1378.74,1,2,2,122,At risk
13075.0,129,1,919.61,2,1,2,212,Others
13076.0,457,1,135.4,1,1,1,111,Hibernating / lost
13077.0,1,11,3064.67,3,3,3,333,Champions
13078.0,3,57,29532.45,3,3,3,333,Champions
13079.0,4,6,419.18,3,3,1,331,Loyal customers
13080.0,179,4,280.73,2,2,1,221,Others
13081.0,11,28,59205.15,3,3,3,333,Champions
13082.0,126,21,7335.75,2,3,3,233,Loyal customers
13083.0,4,3,395.43,3,2,1,321,Potential loyalists
13084.0,491,1,122.39999999999999,1,1,1,111,Hibernating / lost
13085.0,157,8,2433.28,2,3,3,233,Loyal customers
13086.0,382,1,439.33000000000004,1,1,1,111,Hibernating / lost
13087.0,726,1,313.64,1,1,1,111,Hibernating / lost
13088.0,417,1,236.11,1,1,1,111,Hibernating / lost
13089.0,2,203,116737.86,3,3,3,333,Champions
13090.0,8,24,14103.09,3,3,3,333,Champions
13091.0,28,3,2321.82,3,2,3,323,Potential loyalists
13092.0,70,12,2140.28,2,3,3,233,Loyal customers
13093.0,275,55,54943.65,1,3,3,133,At risk
13094.0,21,13,2433.1200000000003,3,3,3,333,Champions
13095.0,70,1,74.39999999999999,2,1,1,211,Others
13096.0,394,1,419.70000000000005,1,1,1,111,Hibernating / lost
13097.0,32,28,13389.22,3,3,3,333,Champions
13098.0,1,28,28882.44,3,3,3,333,Champions
13099.0,99,1,207.35999999999999,2,1,1,211,Others
13101.0,234,4,695.4,2,2,2,222,Others
13102.0,1,37,11696.92,3,3,3,333,Champions
13103.0,39,3,709.64,3,2,2,322,Potential loyalists
13104.0,3,9,1709.1,3,3,3,333,Champions
13105.0,436,1,72.0,1,1,1,111,Hibernating / lost
13106.0,133,2,603.46,2,1,2,212,Others
13107.0,44,9,5253.07,2,3,3,233,Loyal customers
13108.0,372,2,1098.52,1,1,2,112,Hibernating / lost
13109.0,59,3,1134.03,2,2,2,222,Others
13110.0,31,12,2957.4700000000003,3,3,3,333,Champions
13111.0,718,1,321.88000000000005,1,1,1,111,Hibernating / lost
13112.0,541,1,20.6,1,1,1,111,Hibernating / lost
13113.0,0,37,18625.73,3,3,3,333,Champions
13114.0,730,1,234.38,1,1,1,111,Hibernating / lost
13115.0,11,10,5494.7,3,3,3,333,Champions
13116.0,138,1,501.14,2,1,2,212,Others
13117.0,21,18,2643.81,3,3,3,333,Champions
13118.0,19,9,2415.41,3,3,3,333,Champions
13119.0,668,1,134.9,1,1,1,111,Hibernating / lost
13120.0,238,1,30.599999999999998,2,1,1,211,Others
13121.0,269,1,283.73,1,1,1,111,Hibernating / lost
13122.0,94,2,922.39,2,1,2,212,Others
13123.0,472,2,506.75,1,1,2,112,Hibernating / lost
13124.0,89,4,4782.45,2,2,3,223,Others
13125.0,523,1,158.57,1,1,1,111,Hibernating / lost
13126.0,4,13,3998.25,3,3,3,333,Champions
13127.0,77,1,259.17,2,1,1,211,Others
13128.0,631,1,263.5,1,1,1,111,Hibernating / lost
13129.0,452,2,233.25,1,1,1,111,Hibernating / lost
13130.0,94,1,64.0,2,1,1,211,Others
13131.0,23,7,3313.77,3,3,3,333,Champions
13132.0,261,1,77.3,2,1,1,211,Others
13133.0,273,3,200.45000000000002,1,2,1,121,At risk
13134.0,85,6,2475.23,2,3,3,233,Loyal customers
13135.0,196,2,3371.45,2,1,3,213,Others
13136.0,56,13,6274.56,2,3,3,233,Loyal customers
13137.0,10,16,7712.7,3,3,3,333,Champions
13138.0,22,7,1467.24,3,3,2,332,Loyal customers
13139.0,16,8,8202.98,3,3,3,333,Champions
13140.0,108,5,1215.68,2,2,2,222,Others
13141.0,84,17,7668.58,2,3,3,233,Loyal customers
13142.0,19,1,307.09,3,1,1,311,New customers
13143.0,584,1,405.1,1,1,1,111,Hibernating / lost
13144.0,332,2,135.35,1,1,1,111,Hibernating / lost
13145.0,39,7,1423.52,3,3,2,332,Loyal customers
13146.0,26,1,228.91,3,1,1,311,New customers
13147.0,10,4,712.8000000000001,3,2,2,322,Potential loyalists
13148.0,29,26,8621.81,3,3,3,333,Champions
13149.0,14,4,1676.06,3,2,3,323,Potential loyalists
13150.0,484,3,449.96999999999997,1,2,1,121,At risk
13151.0,295,3,2580.7400000000002,1,2,3,123,At risk
13152.0,417,7,2146.38,1,3,3,133,At risk
13153.0,5,1,486.22,3,1,2,312,Potential loyalists
13154.0,399,3,1624.84,1,2,3,123,At risk
13155.0,33,6,1750.18,3,3,3,333,Champions
13156.0,385,3,1586.54,1,2,2,122,At risk
13157.0,49,9,5687.36,2,3,3,233,Loyal customers
13158.0,94,5,1508.18,2,2,2,222,Others
13159.0,8,4,1437.85,3,2,2,322,Potential loyalists
13160.0,22,1,91.8,3,1,1,311,New customers
13161.0,313,2,478.88,1,1,2,112,Hibernating / lost
13162.0,122,16,9275.49,2,3,3,233,Loyal customers
13163.0,610,1,17.65,1,1,1,111,Hibernating / lost
13164.0,569,2,372.2,1,1,1,111,Hibernating / lost
13165.0,46,3,1451.16,2,2,2,222,Others
13166.0,283,2,884.18,1,1,2,112,Hibernating / lost
13167.0,18,5,1125.15,3,2,2,322,Potential loyalists
13168.0,36,5,1875.31,3,2,3,323,Potential loyalists
13169.0,63,3,840.08,2,2,2,222,Others
13170.0,26,1,116.00999999999999,3,1,1,311,New customers
13171.0,21,3,468.41,3,2,1,321,Potential loyalists
13172.0,400,1,69.6,1,1,1,111,Hibernating / lost
13173.0,4,11,2639.35,3,3,3,333,Champions
13174.0,16,12,9494.84,3,3,3,333,Champions
13175.0,582,2,831.45,1,1,2,112,Hibernating / lost
13176.0,46,1,492.84,2,1,2,212,Others
13177.0,64,2,512.2,2,1,2,212,Others
13178.0,26,21,14059.19,3,3,3,333,Champions
13179.0,618,1,572.3100000000001,1,1,2,112,Hibernating / lost
13180.0,607,1,86.10000000000001,1,1,1,111,Hibernating / lost
13181.0,381,1,359.69,1,1,1,111,Hibernating / lost
13182.0,45,1,121.18,2,1,1,211,Others
13183.0,7,15,7036.18,3,3,3,333,Champions
13184.0,14,10,1701.29,3,3,3,333,Champions
13185.0,267,1,71.4,1,1,1,111,Hibernating / lost
13186.0,39,3,1575.89,3,2,2,322,Potential loyalists
13187.0,337,4,367.01,1,2,1,121,At risk
13188.0,11,1,114.60000000000001,3,1,1,311,New customers
13189.0,18,2,260.68,3,1,1,311,New customers
13190.0,544,3,570.66,1,2,2,122,At risk
13191.0,658,1,164.69,1,1,1,111,Hibernating / lost
13192.0,95,6,2558.58,2,3,3,233,Loyal customers
13193.0,61,1,117.88,2,1,1,211,Others
13194.0,135,2,472.78,2,1,2,212,Others
13195.0,414,1,172.38,1,1,1,111,Hibernating / lost
13196.0,11,7,3068.84,3,3,3,333,Champions
13197.0,609,1,373.01000000000005,1,1,1,111,Hibernating / lost
13198.0,10,8,4974.2300000000005,3,3,3,333,Champions
13199.0,3,67,16432.89,3,3,3,333,Champions
13200.0,19,4,870.09,3,2,2,322,Potential loyalists
13201.0,502,4,1240.6100000000001,1,2,2,122,At risk
13202.0,394,7,1580.3,1,3,2,132,At risk
13203.0,9,10,2648.25,3,3,3,333,Champions
13204.0,731,1,966.6600000000001,1,1,2,112,Hibernating / lost
13205.0,443,1,2803.2,1,1,3,113,Hibernating / lost
13206.0,400,13,8377.32,1,3,3,133,At risk
13207.0,15,4,535.86,3,2,2,322,Potential loyalists
13208.0,58,9,1988.5,2,3,3,233,Loyal customers
13209.0,30,13,8509.51,3,3,3,333,Champions
13210.0,93,1,353.48,2,1,1,211,Others
13211.0,10,10,2729.32,3,3,3,333,Champions
13212.0,19,3,788.08,3,2,2,322,Potential loyalists
13213.0,56,11,3851.52,2,3,3,233,Loyal customers
13214.0,417,7,3264.23,1,3,3,133,At risk
13215.0,402,1,81.6,1,1,1,111,Hibernating / lost
13216.0,267,1,333.74,1,1,1,111,Hibernating / lost
13217.0,122,4,666.48,2,2,2,222,Others
13218.0,127,1,62.63999999999999,2,1,1,211,Others
13219.0,618,1,76.23,1,1,1,111,Hibernating / lost
13220.0,78,5,1336.0900000000001,2,2,2,222,Others
13221.0,240,2,847.41,2,1,2,212,Others
13222.0,577,1,88.5,1,1,1,111,Hibernating / lost
13223.0,200,6,969.1200000000001,2,3,2,232,Loyal customers
13224.0,60,2,2155.95,2,1,3,213,Others
13225.0,3,16,16260.07,3,3,3,333,Champions
13226.0,273,2,312.46,1,1,1,111,Hibernating / lost
13227.0,201,1,257.7,2,1,1,211,Others
13228.0,81,1,358.0,2,1,1,211,Others
13229.0,225,1,160.95,2,1,1,211,Others
13230.0,4,30,6360.78,3,3,3,333,Champions
13232.0,12,7,1357.6,3,3,2,332,Loyal customers
13233.0,74,4,1176.46,2,2,2,222,Others
13234.0,672,2,356.95,1,1,1,111,Hibernating / lost
13235.0,212,1,1031.07,2,1,2,212,Others
13236.0,24,2,744.85,3,1,2,312,Potential loyalists
13237.0,387,1,643.0,1,1,2,112,Hibernating / lost
13238.0,17,6,1006.63,3,3,2,332,Loyal customers
13239.0,261,5,1594.69,2,2,2,222,Others
13240.0,96,8,1738.52,2,3,3,233,Loyal customers
13241.0,411,1,115.58,1,1,1,111,Hibernating / lost
13242.0,112,7,699.4,2,3,2,232,Loyal customers
13243.0,203,5,1278.04,2,2,2,222,Others
13244.0,92,1,121.74000000000001,2,1,1,211,Others
13245.0,50,2,989.22,2,1,2,212,Others
13246.0,18,11,3387.43,3,3,3,333,Champions
13247.0,17,4,501.12,3,2,2,322,Potential loyalists
13248.0,124,2,465.68,2,1,1,211,Others
13249.0,92,9,1608.93,2,3,2,232,Loyal customers
13250.0,460,2,256.04,1,1,1,111,Hibernating / lost
13251.0,402,1,252.68,1,1,1,111,Hibernating / lost
13252.0,394,2,399.3,1,1,1,111,Hibernating / lost
13253.0,156,4,2951.11,2,2,3,223,Others
13254.0,376,1,51.410000000000004,1,1,1,111,Hibernating / lost
13255.0,9,3,904.46,3,2,2,322,Potential loyalists
13257.0,436,1,149.75,1,1,1,111,Hibernating / lost
13258.0,11,5,1035.18,3,2,2,322,Potential loyalists
13259.0,61,9,1433.38,2,3,2,232,Loyal customers
13260.0,61,1,557.62,2,1,2,212,Others
13261.0,268,2,944.1,1,1,2,112,Hibernating / lost
13262.0,263,3,573.45,2,2,2,222,Others
13263.0,1,39,8704.69,3,3,3,333,Champions
13264.0,442,1,722.5600000000001,1,1,2,112,Hibernating / lost
13265.0,53,5,2107.66,2,2,3,223,Others
13266.0,11,19,6135.04,3,3,3,333,Champions
13267.0,2,36,9758.26,3,3,3,333,Champions
13268.0,17,11,3214.69,3,3,3,333,Champions
13269.0,1,28,8891.7,3,3,3,333,Champions
13270.0,366,1,1180.0,1,1,2,112,Hibernating / lost
13271.0,37,1,217.38,3,1,1,311,New customers
13272.0,31,2,276.56,3,1,1,311,New customers
13273.0,113,1,138.98,2,1,1,211,Others
13274.0,409,1,360.85,1,1,1,111,Hibernating / lost
13275.0,383,2,241.66,1,1,1,111,Hibernating / lost
13276.0,63,5,1939.26,2,2,3,223,Others
13277.0,15,7,523.3,3,3,2,332,Loyal customers
13278.0,40,4,1435.85,3,2,2,322,Potential loyalists
13279.0,78,1,137.75,2,1,1,211,Others
13280.0,122,7,2322.63,2,3,3,233,Loyal customers
13281.0,439,1,350.85,1,1,1,111,Hibernating / lost
13282.0,18,4,1313.19,3,2,2,322,Potential loyalists
13283.0,59,4,373.36,2,2,1,221,Others
13284.0,330,1,201.19,1,1,1,111,Hibernating / lost
13285.0,23,6,3364.59,3,3,3,333,Champions
13286.0,600,1,734.91,1,1,2,112,Hibernating / lost
13287.0,603,3,781.59,1,2,2,122,At risk
13288.0,443,5,927.61,1,2,2,122,At risk
13289.0,723,1,307.95,1,1,1,111,Hibernating / lost
13290.0,438,1,208.63,1,1,1,111,Hibernating / lost
13291.0,155,11,3320.84,2,3,3,233,Loyal customers
13292.0,38,5,994.51,3,2,2,322,Potential loyalists
13293.0,392,6,1192.94,1,3,2,132,At risk
13294.0,189,3,1689.53,2,2,3,223,Others
13295.0,359,4,1101.97,1,2,2,122,At risk
13296.0,137,6,792.51,2,3,2,232,Loyal customers
13297.0,7,7,4368.62,3,3,3,333,Champions
13298.0,1,1,360.0,3,1,1,311,New customers
13299.0,268,3,1218.7,1,2,2,122,At risk
13300.0,169,3,1285.51,2,2,2,222,Others
13301.0,103,4,618.09,2,2,2,222,Others
13302.0,155,2,159.2,2,1,1,211,Others
13303.0,400,1,61.72,1,1,1,111,Hibernating / lost
13304.0,351,4,1217.99,1,2,2,122,At risk
13305.0,4,16,3754.71,3,3,3,333,Champions
13306.0,430,1,53.65,1,1,1,111,Hibernating / lost
13307.0,120,3,273.34,2,2,1,221,Others
13308.0,22,4,1670.3700000000001,3,2,3,323,Potential loyalists
13309.0,7,6,1706.3700000000001,3,3,3,333,Champions
13310.0,28,5,1541.2,3,2,2,322,Potential loyalists
13311.0,4,2,598.57,3,1,2,312,Potential loyalists
13312.0,451,1,124.75,1,1,1,111,Hibernating / lost
13313.0,22,12,3445.32,3,3,3,333,Champions
13314.0,1,3,775.94,3,2,2,322,Potential loyalists
13315.0,689,1,310.26,1,1,1,111,Hibernating / lost
13316.0,37,10,13191.57,3,3,3,333,Champions
13317.0,66,19,6486.091,2,3,3,233,Loyal customers
13318.0,1,3,640.76,3,2,2,322,Potential loyalists
13319.0,5,58,22082.5,3,3,3,333,Champions
13320.0,78,6,2228.1,2,3,3,233,Loyal customers
13321.0,72,2,567.36,2,1,2,212,Others
13322.0,17,1,199.48000000000002,3,1,1,311,New customers
13323.0,3,5,787.85,3,2,2,322,Potential loyalists
13324.0,36,18,10513.47,3,3,3,333,Champions
13325.0,81,1,675.3,2,1,2,212,Others
13326.0,432,1,281.76,1,1,1,111,Hibernating / lost
13327.0,38,20,9879.48,3,3,3,333,Champions
13328.0,316,1,1308.48,1,1,2,112,Hibernating / lost
13329.0,31,8,5112.97,3,3,3,333,Champions
13330.0,92,6,2806.18,2,3,3,233,Loyal customers
13331.0,401,1,262.4,1,1,1,111,Hibernating / lost
13332.0,14,1,350.9,3,1,1,311,New customers
13333.0,411,3,1015.74,1,2,2,122,At risk
13334.0,82,5,6263.75,2,2,3,223,Others
13336.0,77,1,795.12,2,1,2,212,Others
13337.0,546,1,1575.26,1,1,2,112,Hibernating / lost
13338.0,157,4,2445.62,2,2,3,223,Others
13339.0,200,1,860.12,2,1,2,212,Others
13340.0,45,12,22100.56,2,3,3,233,Loyal customers
13341.0,260,1,775.85,2,1,2,212,Others
13343.0,177,1,353.43,2,1,1,211,Others
13344.0,67,3,2543.72,2,2,3,223,Others
13345.0,287,1,389.5,1,1,1,111,Hibernating / lost
13346.0,462,6,299.4,1,3,1,131,At risk
13347.0,70,1,341.36,2,1,1,211,Others
13348.0,64,1,233.76,2,1,1,211,Others
13349.0,10,1,247.32,3,1,1,311,New customers
13350.0,16,2,979.12,3,1,2,312,Potential loyalists
13351.0,66,1,373.94,2,1,1,211,Others
13352.0,60,1,397.97999999999996,2,1,1,211,Others
13354.0,71,1,743.53,2,1,2,212,Others
13355.0,122,1,674.7,2,1,2,212,Others
13356.0,80,1,768.24,2,1,2,212,Others
13357.0,257,5,3838.36,2,2,3,223,Others
13358.0,268,1,439.03,1,1,1,111,Hibernating / lost
13359.0,63,2,1043.31,2,1,2,212,Others
13360.0,431,4,1553.65,1,2,2,122,At risk
13361.0,472,2,1450.5,1,1,2,112,Hibernating / lost
13362.0,9,7,5394.07,3,3,3,333,Champions
13363.0,17,3,1723.86,3,2,3,323,Potential loyalists
13364.0,71,1,134.95999999999998,2,1,1,211,Others
13365.0,33,2,2225.37,3,1,3,313,Potential loyalists
13366.0,50,1,56.160000000000004,2,1,1,211,Others
13367.0,431,1,510.20000000000005,1,1,2,112,Hibernating / lost
13368.0,256,4,1121.5,2,2,2,222,Others
13369.0,365,1,616.5600000000001,1,1,2,112,Hibernating / lost
13370.0,371,1,1509.74,1,1,2,112,Hibernating / lost
13371.0,505,2,2297.66,1,1,3,113,Hibernating / lost
13372.0,89,1,378.64,2,1,1,211,Others
13373.0,60,6,7587.1900000000005,2,3,3,233,Loyal customers
13374.0,414,2,422.8,1,1,1,111,Hibernating / lost
13375.0,88,2,1792.23,2,1,3,213,Others
13376.0,99,3,1019.76,2,2,2,222,Others
13377.0,396,2,1552.88,1,1,2,112,Hibernating / lost
13379.0,26,3,572.56,3,2,2,322,Potential loyalists
13380.0,432,1,62.4,1,1,1,111,Hibernating / lost
13381.0,31,12,8224.37,3,3,3,333,Champions
13382.0,280,5,1387.58,1,2,2,122,At risk
13383.0,543,1,305.28000000000003,1,1,1,111,Hibernating / lost
13384.0,30,11,6680.83,3,3,3,333,Champions
13385.0,329,1,534.57,1,1,2,112,Hibernating / lost
13386.0,414,2,835.46,1,1,2,112,Hibernating / lost
13387.0,417,1,189.44,1,1,1,111,Hibernating / lost
13388.0,131,3,1185.65,2,2,2,222,Others
13389.0,11,3,797.96,3,2,2,322,Potential loyalists
13390.0,74,1,544.08,2,1,2,212,Others
13391.0,203,1,59.8,2,1,1,211,Others
13392.0,677,1,91.14,1,1,1,111,Hibernating / lost
13393.0,583,4,1131.45,1,2,2,122,At risk
13394.0,1,19,6621.7,3,3,3,333,Champions
13395.0,185,3,1180.23,2,2,2,222,Others
13396.0,29,2,1360.99,3,1,2,312,Potential loyalists
13397.0,72,10,3191.87,2,3,3,233,Loyal customers
13398.0,192,2,670.34,2,1,2,212,Others
13399.0,464,3,275.4,1,2,1,121,At risk
13400.0,582,1,310.83,1,1,1,111,Hibernating / lost
13402.0,127,4,1535.13,2,2,2,222,Others
13403.0,17,3,229.5,3,2,1,321,Potential loyalists
13404.0,1,2,252.49,3,1,1,311,New customers
13405.0,74,6,1213.811,2,3,2,232,Loyal customers
13406.0,427,2,568.92,1,1,2,112,Hibernating / lost
13407.0,578,3,2244.7,1,2,3,123,At risk
13408.0,1,106,51733.462,3,3,3,333,Champions
13410.0,24,9,2201.96,3,3,3,333,Champions
13411.0,107,1,213.55,2,1,1,211,Others
13412.0,620,1,487.34999999999997,1,1,2,112,Hibernating / lost
13413.0,639,6,429.44,1,3,1,131,At risk
13414.0,133,6,2494.14,2,3,3,233,Loyal customers
13415.0,472,4,800.67,1,2,2,122,At risk
13416.0,43,3,940.8000000000001,2,2,2,222,Others
13417.0,4,6,1669.49,3,3,3,333,Champions
13418.0,11,31,12233.6,3,3,3,333,Champions
13419.0,63,1,221.06,2,1,1,211,Others
13420.0,149,2,159.85,2,1,1,211,Others
13421.0,40,8,4103.12,3,3,3,333,Champions
13422.0,64,1,2626.3,2,1,3,213,Others
13423.0,428,1,217.03,1,1,1,111,Hibernating / lost
13424.0,449,1,572.77,1,1,2,112,Hibernating / lost
13425.0,108,5,3403.63,2,2,3,223,Others
13426.0,0,22,8167.38,3,3,3,333,Champions
13427.0,19,6,1006.53,3,3,2,332,Loyal customers
13428.0,10,3,499.98,3,2,2,322,Potential loyalists
13429.0,10,4,1006.8,3,2,2,322,Potential loyalists
13430.0,18,2,679.45,3,1,2,312,Potential loyalists
13431.0,67,8,3316.24,2,3,3,233,Loyal customers
13432.0,571,2,439.1,1,1,1,111,Hibernating / lost
13433.0,501,4,658.3199999999999,1,2,2,122,At risk
13434.0,74,5,1666.8600000000001,2,2,3,223,Others
13435.0,5,9,4475.2300000000005,3,3,3,333,Champions
13436.0,1,1,196.89,3,1,1,311,New customers
13437.0,14,7,3408.06,3,3,3,333,Champions
13438.0,547,1,46.5,1,1,1,111,Hibernating / lost
13439.0,255,3,986.61,2,2,2,222,Others
13440.0,423,7,1295.25,1,3,2,132,At risk
13441.0,91,2,720.9,2,1,2,212,Others
13442.0,667,3,419.87,1,2,1,121,At risk
13443.0,448,6,1280.16,1,3,2,132,At risk
13444.0,374,2,631.6800000000001,1,1,2,112,Hibernating / lost
13445.0,626,1,241.89999999999998,1,1,1,111,Hibernating / lost
13446.0,430,11,3881.89,1,3,3,133,At risk
13447.0,23,3,1129.14,3,2,2,322,Potential loyalists
13448.0,16,13,9240.87,3,3,3,333,Champions
13449.0,23,1,291.88,3,1,1,311,New customers
13450.0,26,13,4120.04,3,3,3,333,Champions
13451.0,26,11,7190.92,3,3,3,333,Champions
13452.0,259,3,729.8,2,2,2,222,Others
13453.0,165,3,781.6899999999999,2,2,2,222,Others
13454.0,641,1,219.87,1,1,1,111,Hibernating / lost
13455.0,24,6,2905.93,3,3,3,333,Champions
13456.0,17,6,1766.72,3,3,3,333,Champions
13457.0,688,2,148.22,1,1,1,111,Hibernating / lost
13458.0,7,16,11959.27,3,3,3,333,Champions
13459.0,624,2,1160.4099999999999,1,1,2,112,Hibernating / lost
13460.0,29,2,183.44,3,1,1,311,New customers
13461.0,38,6,4160.0,3,3,3,333,Champions
13462.0,252,5,1153.85,2,2,2,222,Others
13464.0,58,6,3097.64,2,3,3,233,Loyal customers
13465.0,446,2,931.12,1,1,2,112,Hibernating / lost
13466.0,184,5,1013.35,2,2,2,222,Others
13467.0,10,2,1083.71,3,1,2,312,Potential loyalists
13468.0,1,72,13390.51,3,3,3,333,Champions
13469.0,653,1,82.4,1,1,1,111,Hibernating / lost
13470.0,99,2,165.0,2,1,1,211,Others
13471.0,1,4,2531.58,3,2,3,323,Potential loyalists
13472.0,463,2,592.24,1,1,2,112,Hibernating / lost
13473.0,60,8,2657.7599999999998,2,3,3,233,Loyal customers
13474.0,236,3,663.79,2,2,2,222,Others
13475.0,191,4,1431.78,2,2,2,222,Others
13476.0,178,5,2061.4700000000003,2,2,3,223,Others
13477.0,37,11,2834.17,3,3,3,333,Champions
13478.0,469,5,2215.78,1,2,3,123,At risk
13479.0,200,4,851.37,2,2,2,222,Others
13480.0,416,2,627.82,1,1,2,112,Hibernating / lost
13481.0,45,11,3830.84,2,3,3,233,Loyal customers
13482.0,232,2,336.09,2,1,1,211,Others
13483.0,65,1,140.34,2,1,1,211,Others
13484.0,241,3,790.72,2,2,2,222,Others
13485.0,233,11,3019.2200000000003,2,3,3,233,Loyal customers
13486.0,78,3,1122.41,2,2,2,222,Others
13487.0,57,5,846.87,2,2,2,222,Others
13488.0,17,23,15587.88,3,3,3,333,Champions
13489.0,105,4,449.52,2,2,1,221,Others
13490.0,654,1,154.25,1,1,1,111,Hibernating / lost
13491.0,51,27,4566.56,2,3,3,233,Loyal customers
13492.0,136,3,1269.84,2,2,2,222,Others
13493.0,275,2,618.63,1,1,2,112,Hibernating / lost
13494.0,311,1,316.26000000000005,1,1,1,111,Hibernating / lost
13495.0,7,10,5374.26,3,3,3,333,Champions
13496.0,10,2,653.33,3,1,2,312,Potential loyalists
13497.0,282,6,1320.33,1,3,2,132,At risk
13498.0,730,1,327.38,1,1,1,111,Hibernating / lost
13499.0,17,5,1159.11,3,2,2,322,Potential loyalists
13500.0,23,4,1466.3,3,2,2,322,Potential loyalists
13501.0,288,3,2885.11,1,2,3,123,At risk
13502.0,16,5,780.5,3,2,2,322,Potential loyalists
13503.0,71,6,1905.39,2,3,3,233,Loyal customers
13504.0,64,1,295.93,2,1,1,211,Others
13505.0,72,4,4393.63,2,2,3,223,Others
13506.0,316,5,1639.2,1,2,3,123,At risk
13507.0,3,4,2479.16,3,2,3,323,Potential loyalists
13508.0,243,2,287.05,2,1,1,211,Others
13509.0,8,8,1114.72,3,3,2,332,Loyal customers
13510.0,1,11,4558.29,3,3,3,333,Champions
13511.0,676,1,282.76,1,1,1,111,Hibernating / lost
13512.0,260,4,713.39,2,2,2,222,Others
13513.0,126,3,824.59,2,2,2,222,Others
13514.0,73,4,815.9000000000001,2,2,2,222,Others
13515.0,72,6,1265.82,2,3,2,232,Loyal customers
13516.0,21,4,1685.26,3,2,3,323,Potential loyalists
13517.0,59,3,2128.42,2,2,3,223,Others
13518.0,85,1,659.4399999999999,2,1,2,212,Others
13519.0,78,2,343.21,2,1,1,211,Others
13520.0,58,11,6909.4,2,3,3,233,Loyal customers
13521.0,1,3,1093.65,3,2,2,322,Potential loyalists
13522.0,30,1,125.80000000000001,3,1,1,311,New customers
13523.0,33,6,5101.52,3,3,3,333,Champions
13524.0,40,5,680.1800000000001,3,2,2,322,Potential loyalists
13525.0,14,2,628.78,3,1,2,312,Potential loyalists
13526.0,738,2,1182.0,1,1,2,112,Hibernating / lost
13527.0,33,12,4683.74,3,3,3,333,Champions
13529.0,78,2,307.76,2,1,1,211,Others
13530.0,634,1,402.97999999999996,1,1,1,111,Hibernating / lost
13531.0,205,6,1738.52,2,3,3,233,Loyal customers
13532.0,33,1,210.31,3,1,1,311,New customers
13533.0,182,3,270.79,2,2,1,221,Others
13534.0,2,35,7720.9,3,3,3,333,Champions
13535.0,402,1,89.5,1,1,1,111,Hibernating / lost
13536.0,1,7,3448.29,3,3,3,333,Champions
13537.0,425,2,717.85,1,1,2,112,Hibernating / lost
13538.0,43,12,3112.73,2,3,3,233,Loyal customers
13539.0,85,7,1569.3600000000001,2,3,2,232,Loyal customers
13540.0,467,3,632.39,1,2,2,122,At risk
13541.0,427,2,785.25,1,1,2,112,Hibernating / lost
13542.0,376,17,4006.17,1,3,3,133,At risk
13543.0,634,2,1439.6100000000001,1,1,2,112,Hibernating / lost
13544.0,39,6,829.0,3,3,2,332,Loyal customers
13545.0,390,2,374.64,1,1,1,111,Hibernating / lost
13546.0,12,5,1092.14,3,2,2,322,Potential loyalists
13547.0,408,1,175.53,1,1,1,111,Hibernating / lost
13548.0,96,3,908.99,2,2,2,222,Others
13549.0,25,8,1005.8,3,3,2,332,Loyal customers
13550.0,383,1,349.51,1,1,1,111,Hibernating / lost
13551.0,319,2,244.2,1,1,1,111,Hibernating / lost
13552.0,66,22,6978.92,2,3,3,233,Loyal customers
13553.0,674,1,517.8,1,1,2,112,Hibernating / lost
13554.0,380,7,1638.28,1,3,3,133,At risk
13555.0,73,13,8999.19,2,3,3,233,Loyal customers
13556.0,429,2,200.82,1,1,1,111,Hibernating / lost
13557.0,28,13,3032.26,3,3,3,333,Champions
13558.0,5,4,605.06,3,2,2,322,Potential loyalists
13559.0,512,2,990.0,1,1,2,112,Hibernating / lost
13560.0,7,1,174.37,3,1,1,311,New customers
13561.0,215,11,1820.72,2,3,3,233,Loyal customers
13562.0,81,8,4838.18,2,3,3,233,Loyal customers
13563.0,84,2,777.53,2,1,2,212,Others
13564.0,144,37,17249.55,2,3,3,233,Loyal customers
13565.0,19,3,414.8,3,2,1,321,Potential loyalists
13566.0,40,5,1708.1200000000001,3,2,3,323,Potential loyalists
13567.0,428,4,1083.69,1,2,2,122,At risk
13568.0,173,1,192.85,2,1,1,211,Others
13569.0,17,4,893.78,3,2,2,322,Potential loyalists
13570.0,243,1,239.49,2,1,1,211,Others
13571.0,12,26,4546.54,3,3,3,333,Champions
13572.0,205,1,1384.25,2,1,2,212,Others
13573.0,50,6,916.47,2,3,2,232,Loyal customers
13574.0,411,1,421.25,1,1,1,111,Hibernating / lost
13575.0,23,5,732.0699999999999,3,2,2,322,Potential loyalists
13576.0,10,28,11551.74,3,3,3,333,Champions
13577.0,25,11,3489.28,3,3,3,333,Champions
13578.0,409,1,147.66,1,1,1,111,Hibernating / lost
13579.0,14,5,1539.04,3,2,2,322,Potential loyalists
13580.0,406,1,107.75,1,1,1,111,Hibernating / lost
13581.0,309,2,280.53000000000003,1,1,1,111,Hibernating / lost
13582.0,389,2,241.68,1,1,1,111,Hibernating / lost
13583.0,155,2,1445.031,2,1,2,212,Others
13584.0,306,3,392.45,1,2,1,121,At risk
13585.0,530,3,684.54,1,2,2,122,At risk
13586.0,541,1,131.53,1,1,1,111,Hibernating / lost
13587.0,63,4,1673.5,2,2,3,223,Others
13588.0,15,9,2478.95,3,3,3,333,Champions
13589.0,14,6,1120.74,3,3,2,332,Loyal customers
13590.0,11,18,6349.59,3,3,3,333,Champions
13591.0,64,7,2093.94,2,3,3,233,Loyal customers
13592.0,35,4,247.95999999999998,3,2,1,321,Potential loyalists
13593.0,108,14,5523.6900000000005,2,3,3,233,Loyal customers
13594.0,52,2,533.32,2,1,2,212,Others
13595.0,516,3,818.22,1,2,2,122,At risk
13596.0,5,2,697.04,3,1,2,312,Potential loyalists
13597.0,400,2,396.71,1,1,1,111,Hibernating / lost
13598.0,47,5,789.59,2,2,2,222,Others
13599.0,1,33,10167.630000000001,3,3,3,333,Champions
13600.0,312,2,518.42,1,1,2,112,Hibernating / lost
13601.0,45,4,1185.14,2,2,2,222,Others
13602.0,64,4,1025.17,2,2,2,222,Others
13603.0,26,1,164.34,3,1,1,311,New customers
13604.0,658,1,717.62,1,1,2,112,Hibernating / lost
13605.0,387,2,522.67,1,1,2,112,Hibernating / lost
13606.0,29,3,280.53999999999996,3,2,1,321,Potential loyalists
13607.0,40,2,1078.31,3,1,2,312,Potential loyalists
13608.0,540,1,236.2,1,1,1,111,Hibernating / lost
13609.0,593,1,167.35,1,1,1,111,Hibernating / lost
13610.0,12,14,2175.88,3,3,3,333,Champions
13611.0,89,10,3319.53,2,3,3,233,Loyal customers
13612.0,632,1,818.29,1,1,2,112,Hibernating / lost
13613.0,452,5,1039.8500000000001,1,2,2,122,At risk
13614.0,24,6,2359.19,3,3,3,333,Champions
13615.0,318,8,6272.53,1,3,3,133,At risk
13616.0,568,2,288.1,1,1,1,111,Hibernating / lost
13617.0,40,8,1278.75,3,3,2,332,Loyal customers
13618.0,173,1,177.34,2,1,1,211,Others
13619.0,544,2,231.69,1,1,1,111,Hibernating / lost
13620.0,528,1,112.34,1,1,1,111,Hibernating / lost
13621.0,116,1,213.85,2,1,1,211,Others
13622.0,696,1,658.95,1,1,2,112,Hibernating / lost
13623.0,30,10,2566.49,3,3,3,333,Champions
13624.0,388,1,462.08,1,1,1,111,Hibernating / lost
13625.0,596,1,301.26,1,1,1,111,Hibernating / lost
13626.0,252,2,707.04,2,1,2,212,Others
13627.0,59,7,2245.9,2,3,3,233,Loyal customers
13628.0,676,1,310.14,1,1,1,111,Hibernating / lost
13629.0,23,19,13370.86,3,3,3,333,Champions
13630.0,5,7,2031.78,3,3,3,333,Champions
13631.0,99,11,3070.42,2,3,3,233,Loyal customers
13632.0,24,8,3648.15,3,3,3,333,Champions
13634.0,33,16,5073.47,3,3,3,333,Champions
13635.0,67,4,2999.16,2,2,3,223,Others
13636.0,36,5,949.12,3,2,2,322,Potential loyalists
13637.0,52,3,810.5,2,2,2,222,Others
13638.0,15,1,122.64,3,1,1,311,New customers
13639.0,74,2,1346.27,2,1,2,212,Others
13640.0,611,1,405.0,1,1,1,111,Hibernating / lost
13641.0,640,5,1016.47,1,2,2,122,At risk
13642.0,215,4,514.72,2,2,2,222,Others
13643.0,31,10,2156.77,3,3,3,333,Champions
13644.0,16,4,2624.26,3,2,3,323,Potential loyalists
13645.0,120,1,252.1,2,1,1,211,Others
13646.0,399,2,326.25,1,1,1,111,Hibernating / lost
13647.0,9,8,3071.68,3,3,3,333,Champions
13648.0,400,8,1764.02,1,3,3,133,At risk
13649.0,256,6,1678.88,2,3,3,233,Loyal customers
13650.0,16,10,3288.0,3,3,3,333,Champions
13651.0,35,3,226.85,3,2,1,321,Potential loyalists
13652.0,45,5,2570.85,2,2,3,223,Others
13653.0,487,1,152.2,1,1,1,111,Hibernating / lost
13654.0,43,11,6308.0,2,3,3,233,Loyal customers
13655.0,114,6,2280.51,2,3,3,233,Loyal customers
13656.0,164,4,1078.85,2,2,2,222,Others
13657.0,10,2,382.14,3,1,1,311,New customers
13658.0,9,9,6025.5,3,3,3,333,Champions
13659.0,205,12,4894.88,2,3,3,233,Loyal customers
13660.0,400,1,314.59,1,1,1,111,Hibernating / lost
13661.0,603,1,325.24,1,1,1,111,Hibernating / lost
13662.0,85,11,2250.11,2,3,3,233,Loyal customers
13663.0,179,5,2047.51,2,2,3,223,Others
13665.0,386,3,1711.6599999999999,1,2,3,123,At risk
13666.0,60,5,127.89999999999999,2,2,1,221,Others
13667.0,149,1,305.02,2,1,1,211,Others
13668.0,2,35,13089.94,3,3,3,333,Champions
13669.0,50,3,413.55,2,2,1,221,Others
13670.0,75,1,349.7,2,1,1,211,Others
13671.0,394,1,194.95,1,1,1,111,Hibernating / lost
13672.0,301,3,419.92,1,2,1,121,At risk
13673.0,18,2,396.92,3,1,1,311,New customers
13674.0,432,1,240.68,1,1,1,111,Hibernating / lost
13675.0,151,2,486.82000000000005,2,1,2,212,Others
13676.0,539,2,243.9,1,1,1,111,Hibernating / lost
13677.0,404,2,556.1899999999999,1,1,2,112,Hibernating / lost
13678.0,151,1,232.6,2,1,1,211,Others
13679.0,493,3,281.26,1,2,1,121,At risk
13680.0,1,12,11435.67,3,3,3,333,Champions
13681.0,17,4,827.83,3,2,2,322,Potential loyalists
13682.0,187,1,59.5,2,1,1,211,Others
13683.0,457,1,258.6,1,1,1,111,Hibernating / lost
13684.0,285,4,596.98,1,2,2,122,At risk
13685.0,2,7,3119.44,3,3,3,333,Champions
13686.0,182,3,409.04,2,2,1,221,Others
13687.0,438,1,11880.84,1,1,3,113,Hibernating / lost
13688.0,635,1,375.5,1,1,1,111,Hibernating / lost
13689.0,63,2,1259.5,2,1,2,212,Others
13690.0,59,1,172.25,2,1,1,211,Others
13691.0,396,1,212.78,1,1,1,111,Hibernating / lost
13692.0,24,5,3114.4,3,2,3,323,Potential loyalists
13693.0,374,9,2011.82,1,3,3,133,At risk
13694.0,3,143,196482.81,3,3,3,333,Champions
13695.0,31,16,2770.73,3,3,3,333,Champions
13696.0,421,3,2020.4,1,2,3,123,At risk
13697.0,38,1,151.29999999999998,3,1,1,311,New customers
13698.0,596,2,465.53000000000003,1,1,1,111,Hibernating / lost
13699.0,155,2,764.15,2,1,2,212,Others
13700.0,26,13,2613.46,3,3,3,333,Champions
13701.0,446,1,161.0,1,1,1,111,Hibernating / lost
13702.0,445,1,135.18,1,1,1,111,Hibernating / lost
13703.0,318,2,425.56,1,1,1,111,Hibernating / lost
13704.0,5,9,2308.06,3,3,3,333,Champions
13705.0,7,7,2035.33,3,3,3,333,Champions
13706.0,302,2,631.17,1,1,2,112,Hibernating / lost
13707.0,267,5,3365.86,1,2,3,123,At risk
13708.0,271,1,296.88,1,1,1,111,Hibernating / lost
13709.0,3,18,7591.75,3,3,3,333,Champions
13710.0,31,3,509.52,3,2,2,322,Potential loyalists
13711.0,218,9,1792.26,2,3,3,233,Loyal customers
13712.0,246,2,766.42,2,1,2,212,Others
13713.0,408,3,743.26,1,2,2,122,At risk
13714.0,465,1,161.35,1,1,1,111,Hibernating / lost
13715.0,281,17,8483.29,1,3,3,133,At risk
13716.0,269,1,138.28,1,1,1,111,Hibernating / lost
13717.0,32,8,1763.3,3,3,3,333,Champions
13718.0,246,2,306.55,2,1,1,211,Others
13719.0,15,11,2815.25,3,3,3,333,Champions
13720.0,116,4,799.9,2,2,2,222,Others
13721.0,36,2,741.54,3,1,2,312,Potential loyalists
13722.0,131,10,5635.41,2,3,3,233,Loyal customers
13723.0,217,6,1209.2,2,3,2,232,Loyal customers
13724.0,637,1,213.01,1,1,1,111,Hibernating / lost
13725.0,49,8,1980.56,2,3,3,233,Loyal customers
13726.0,38,2,1079.6599999999999,3,1,2,312,Potential loyalists
13727.0,28,8,1080.05,3,3,2,332,Loyal customers
13728.0,36,16,2855.17,3,3,3,333,Champions
13729.0,435,3,724.73,1,2,2,122,At risk
13730.0,135,2,752.6,2,1,2,212,Others
13731.0,219,2,610.59,2,1,2,212,Others
13732.0,28,1,491.86,3,1,2,312,Potential loyalists
13733.0,410,2,487.03000000000003,1,1,2,112,Hibernating / lost
13734.0,508,4,6701.640000000001,1,2,3,123,At risk
13735.0,24,13,9813.22,3,3,3,333,Champions
13736.0,5,7,2766.21,3,3,3,333,Champions
13737.0,200,1,339.59999999999997,2,1,1,211,Others
13738.0,396,1,440.93,1,1,1,111,Hibernating / lost
13739.0,18,2,292.2,3,1,1,311,New customers
13740.0,240,5,1597.77,2,2,2,222,Others
13741.0,71,3,668.4300000000001,2,2,2,222,Others
13742.0,16,12,3131.02,3,3,3,333,Champions
13743.0,2,7,1341.6,3,3,2,332,Loyal customers
13744.0,95,2,1156.36,2,1,2,212,Others
13745.0,162,2,777.36,2,1,2,212,Others
13746.0,413,1,176.69,1,1,1,111,Hibernating / lost
13747.0,373,2,249.39999999999998,1,1,1,111,Hibernating / lost
13748.0,95,9,2268.35,2,3,3,233,Loyal customers
13750.0,53,11,3602.1800000000003,2,3,3,233,Loyal customers
13751.0,288,1,296.25,1,1,1,111,Hibernating / lost
13752.0,124,7,1590.73,2,3,2,232,Loyal customers
13753.0,287,4,2094.57,1,2,3,123,At risk
13754.0,151,3,447.05,2,2,1,221,Others
13755.0,3,9,2161.35,3,3,3,333,Champions
13756.0,2,23,9207.5,3,3,3,333,Champions
13757.0,674,1,195.55,1,1,1,111,Hibernating / lost
13758.0,11,15,9416.98,3,3,3,333,Champions
13759.0,33,2,659.4100000000001,3,1,2,312,Potential loyalists
13760.0,54,5,1363.6399999999999,2,2,2,222,Others
13761.0,50,6,1952.17,2,3,3,233,Loyal customers
13762.0,218,5,2472.48,2,2,3,223,Others
13763.0,63,3,5217.4400000000005,2,2,3,223,Others
13764.0,70,6,2953.26,2,3,3,233,Loyal customers
13765.0,653,1,352.821,1,1,1,111,Hibernating / lost
13766.0,495,1,190.35,1,1,1,111,Hibernating / lost
13767.0,2,73,35540.53,3,3,3,333,Champions
13768.0,726,2,875.97,1,1,2,112,Hibernating / lost
13769.0,2,20,5800.42,3,3,3,333,Champions
13770.0,422,4,785.37,1,2,2,122,At risk
13771.0,64,9,5728.82,2,3,3,233,Loyal customers
13772.0,33,8,3114.22,3,3,3,333,Champions
13773.0,396,2,301.54,1,1,1,111,Hibernating / lost
13774.0,81,1,345.0,2,1,1,211,Others
13775.0,590,1,1049.66,1,1,2,112,Hibernating / lost
13776.0,428,2,623.98,1,1,2,112,Hibernating / lost
13777.0,0,61,56478.42,3,3,3,333,Champions
13778.0,103,4,1124.49,2,2,2,222,Others
13779.0,515,1,161.13,1,1,1,111,Hibernating / lost
13780.0,7,3,735.82,3,2,2,322,Potential loyalists
13781.0,250,3,778.83,2,2,2,222,Others
13782.0,12,13,1793.72,3,3,3,333,Champions
13783.0,487,4,1542.09,1,2,2,122,At risk
13784.0,9,14,2910.23,3,3,3,333,Champions
13785.0,428,4,542.49,1,2,2,122,At risk
13786.0,367,6,3358.94,1,3,3,133,At risk
13787.0,75,6,1222.5,2,3,2,232,Loyal customers
13788.0,505,1,3.75,1,1,1,111,Hibernating / lost
13789.0,388,1,239.45999999999998,1,1,1,111,Hibernating / lost
13790.0,4,1,348.8,3,1,1,311,New customers
13791.0,127,2,1516.0,2,1,2,212,Others
13792.0,66,3,383.95,2,2,1,221,Others
13793.0,646,1,96.0,1,1,1,111,Hibernating / lost
13794.0,546,1,126.03,1,1,1,111,Hibernating / lost
13795.0,388,4,836.3,1,2,2,122,At risk
13796.0,499,1,289.7,1,1,1,111,Hibernating / lost
13797.0,436,3,1179.45,1,2,2,122,At risk
13798.0,1,110,75836.87,3,3,3,333,Champions
13799.0,116,9,2803.57,2,3,3,233,Loyal customers
13800.0,309,3,1679.56,1,2,3,123,At risk
13801.0,66,1,324.8,2,1,1,211,Others
13802.0,138,19,26259.11,2,3,3,233,Loyal customers
13803.0,255,3,1338.91,2,2,2,222,Others
13804.0,30,9,3208.52,3,3,3,333,Champions
13805.0,52,2,924.6,2,1,2,212,Others
13806.0,63,1,256.38,2,1,1,211,Others
13807.0,367,3,534.8,1,2,2,122,At risk
13808.0,5,5,1747.66,3,2,3,323,Potential loyalists
13809.0,305,3,679.7,1,2,2,122,At risk
13810.0,28,3,1499.01,3,2,2,322,Potential loyalists
13811.0,183,3,814.5,2,2,2,222,Others
13812.0,42,3,539.0,2,2,2,222,Others
13813.0,39,8,2765.47,3,3,3,333,Champions
13814.0,92,3,2257.32,2,2,3,223,Others
13815.0,22,8,7475.74,3,3,3,333,Champions
13816.0,23,2,571.6700000000001,3,1,2,312,Potential loyalists
13817.0,29,2,382.98,3,1,1,311,New customers
13818.0,429,1,61.28,1,1,1,111,Hibernating / lost
13819.0,301,6,2642.35,1,3,3,133,At risk
13820.0,418,3,660.65,1,2,2,122,At risk
13821.0,144,6,1410.73,2,3,2,232,Loyal customers
13822.0,5,2,632.0,3,1,2,312,Potential loyalists
13823.0,18,7,3403.4500000000003,3,3,3,333,Champions
13824.0,32,12,3314.76,3,3,3,333,Champions
13825.0,621,2,255.59,1,1,1,111,Hibernating / lost
13826.0,176,1,189.5,2,1,1,211,Others
13827.0,57,3,412.05,2,2,1,221,Others
13828.0,22,1,209.49,3,1,1,311,New customers
13829.0,421,1,102.0,1,1,1,111,Hibernating / lost
13830.0,581,1,156.85000000000002,1,1,1,111,Hibernating / lost
13831.0,16,18,7023.58,3,3,3,333,Champions
13832.0,19,2,613.6899999999999,3,1,2,312,Potential loyalists
13833.0,159,2,701.36,2,1,2,212,Others
13834.0,576,2,324.19,1,1,1,111,Hibernating / lost
13835.0,25,7,1095.27,3,3,2,332,Loyal customers
13836.0,399,2,620.37,1,1,2,112,Hibernating / lost
13837.0,211,2,271.24,2,1,1,211,Others
13838.0,5,10,1966.09,3,3,3,333,Champions
13839.0,486,1,139.95000000000002,1,1,1,111,Hibernating / lost
13840.0,416,1,651.4,1,1,2,112,Hibernating / lost
13841.0,252,1,85.0,2,1,1,211,Others
13842.0,58,18,5629.91,2,3,3,233,Loyal customers
13843.0,381,1,319.75,1,1,1,111,Hibernating / lost
13844.0,11,1,361.62,3,1,1,311,New customers
13845.0,64,1,312.98,2,1,1,211,Others
13846.0,24,4,1307.79,3,2,2,322,Potential loyalists
13847.0,719,1,310.72,1,1,1,111,Hibernating / lost
13848.0,92,8,3335.0,2,3,3,233,Loyal customers
13849.0,51,5,3469.3,2,2,3,223,Others
13850.0,129,1,1595.48,2,1,2,212,Others
13851.0,95,8,4606.46,2,3,3,233,Loyal customers
13852.0,610,1,187.35000000000002,1,1,1,111,Hibernating / lost
13853.0,57,1,1090.14,2,1,2,212,Others
13854.0,8,39,12253.96,3,3,3,333,Champions
13855.0,500,4,1310.3400000000001,1,2,2,122,At risk
13856.0,168,11,1142.03,2,3,2,232,Loyal customers
13857.0,393,6,1001.01,1,3,2,132,At risk
13858.0,57,1,216.17,2,1,1,211,Others
13859.0,326,2,515.86,1,1,2,112,Hibernating / lost
13860.0,1,5,1245.9,3,2,2,322,Potential loyalists
13861.0,429,2,273.26,1,1,1,111,Hibernating / lost
13862.0,18,9,2556.09,3,3,3,333,Champions
13863.0,247,4,1239.55,2,2,2,222,Others
13864.0,386,1,662.4000000000001,1,1,2,112,Hibernating / lost
13865.0,58,4,501.56,2,2,2,222,Others
13866.0,74,1,145.67000000000002,2,1,1,211,Others
13867.0,31,3,1015.29,3,2,2,322,Potential loyalists
13868.0,7,2,3192.54,3,1,3,313,Potential loyalists
13869.0,123,10,8111.57,2,3,3,233,Loyal customers
13870.0,2,15,5712.08,3,3,3,333,Champions
13871.0,22,17,7885.85,3,3,3,333,Champions
13872.0,527,3,919.57,1,2,2,122,At risk
13873.0,119,8,1038.92,2,3,2,232,Loyal customers
13874.0,358,7,2049.15,1,3,3,133,At risk
13875.0,53,14,4814.37,2,3,3,233,Loyal customers
13876.0,63,1,122.7,2,1,1,211,Others
13877.0,86,3,449.68,2,2,1,221,Others
13878.0,54,4,2473.06,2,2,3,223,Others
13879.0,645,1,395.5,1,1,1,111,Hibernating / lost
13880.0,21,17,4391.66,3,3,3,333,Champions
13881.0,3,43,45179.1,3,3,3,333,Champions
13882.0,2,5,1191.13,3,2,2,322,Potential loyalists
13883.0,10,15,6560.02,3,3,3,333,Champions
13884.0,7,10,1888.48,3,3,3,333,Champions
13885.0,189,2,506.8,2,1,2,212,Others
13886.0,71,1,243.56,2,1,1,211,Others
13887.0,204,1,349.55,2,1,1,211,Others
13888.0,119,7,2169.05,2,3,3,233,Loyal customers
13889.0,92,6,1991.23,2,3,3,233,Loyal customers
13890.0,1,14,2927.38,3,3,3,333,Champions
13891.0,378,3,863.5600000000001,1,2,2,122,At risk
13892.0,26,6,1267.6499999999999,3,3,2,332,Loyal customers
13893.0,297,1,821.1,1,1,2,112,Hibernating / lost
13894.0,23,3,564.62,3,2,2,322,Potential loyalists
13895.0,28,6,4008.52,3,3,3,333,Champions
13896.0,625,1,388.55,1,1,1,111,Hibernating / lost
13897.0,50,3,1160.72,2,2,2,222,Others
13898.0,325,2,686.4,1,1,2,112,Hibernating / lost
13899.0,16,2,388.52,3,1,1,311,New customers
13900.0,183,6,1610.59,2,3,2,232,Loyal customers
13901.0,72,15,5676.34,2,3,3,233,Loyal customers
13902.0,632,5,34095.26,1,2,3,123,At risk
13903.0,400,1,165.45000000000002,1,1,1,111,Hibernating / lost
13904.0,37,2,332.64,3,1,1,311,New customers
13905.0,732,1,312.65,1,1,1,111,Hibernating / lost
13906.0,409,1,42.0,1,1,1,111,Hibernating / lost
13907.0,691,1,136.8,1,1,1,111,Hibernating / lost
13908.0,79,4,2369.55,2,2,3,223,Others
13909.0,423,2,286.6,1,1,1,111,Hibernating / lost
13911.0,57,20,4234.99,2,3,3,233,Loyal customers
13912.0,423,1,124.95,1,1,1,111,Hibernating / lost
13913.0,506,1,42.22,1,1,1,111,Hibernating / lost
13914.0,11,2,626.45,3,1,2,312,Potential loyalists
13915.0,394,1,70.80000000000001,1,1,1,111,Hibernating / lost
13916.0,463,4,1275.81,1,2,2,122,At risk
13917.0,49,2,272.04,2,1,1,211,Others
13918.0,49,2,1212.8400000000001,2,1,2,212,Others
13919.0,59,4,1360.68,2,2,2,222,Others
13920.0,431,4,1774.68,1,2,3,123,At risk
13921.0,402,4,730.7,1,2,2,122,At risk
13922.0,351,3,865.2,1,2,2,122,At risk
13923.0,53,1,351.13,2,1,1,211,Others
13924.0,1,6,1838.8500000000001,3,3,3,333,Champions
13925.0,92,4,678.25,2,2,2,222,Others
13926.0,23,1,223.85000000000002,3,1,1,311,New customers
13927.0,74,2,708.26,2,1,2,212,Others
13928.0,10,4,464.57,3,2,1,321,Potential loyalists
13929.0,169,11,3494.1,2,3,3,233,Loyal customers
13930.0,57,2,337.34,2,1,1,211,Others
13931.0,95,11,5257.38,2,3,3,233,Loyal customers
13932.0,294,1,307.4,1,1,1,111,Hibernating / lost
13933.0,109,2,608.7900000000001,2,1,2,212,Others
13934.0,263,1,922.1,2,1,2,212,Others
13935.0,596,3,6116.92,1,2,3,123,At risk
13936.0,179,3,939.66,2,2,2,222,Others
13937.0,169,2,880.13,2,1,2,212,Others
13938.0,35,1,71.66,3,1,1,311,New customers
13939.0,23,7,1560.96,3,3,2,332,Loyal customers
13940.0,17,4,839.14,3,2,2,322,Potential loyalists
13941.0,21,15,11122.300000000001,3,3,3,333,Champions
13942.0,534,1,320.0,1,1,1,111,Hibernating / lost
13943.0,577,1,246.54,1,1,1,111,Hibernating / lost
13944.0,653,1,200.43,1,1,1,111,Hibernating / lost
13945.0,394,2,854.15,1,1,2,112,Hibernating / lost
13946.0,79,6,1876.23,2,3,3,233,Loyal customers
13947.0,65,1,90.6,2,1,1,211,Others
13948.0,360,4,548.76,1,2,2,122,At risk
13949.0,2,6,2427.32,3,3,3,333,Champions
13950.0,11,4,745.06,3,2,2,322,Potential loyalists
13951.0,176,3,674.45,2,2,2,222,Others
13952.0,217,14,12823.521,2,3,3,233,Loyal customers
13953.0,7,12,6640.68,3,3,3,333,Champions
13954.0,1,2,439.92,3,1,1,311,New customers
13955.0,154,3,545.17,2,2,2,222,Others
13956.0,5,5,1026.42,3,2,2,322,Potential loyalists
13957.0,417,3,458.25,1,2,1,121,At risk
13958.0,379,8,4709.2300000000005,1,3,3,133,At risk
13959.0,79,6,1076.18,2,3,2,232,Loyal customers
13960.0,21,2,230.22,3,1,1,311,New customers
13961.0,392,1,538.4,1,1,2,112,Hibernating / lost
13962.0,21,3,362.8,3,2,1,321,Potential loyalists
13963.0,308,17,3011.87,1,3,3,133,At risk
13964.0,387,2,438.9,1,1,1,111,Hibernating / lost
13965.0,476,3,996.61,1,2,2,122,At risk
13966.0,435,1,390.86,1,1,1,111,Hibernating / lost
13967.0,145,2,166.3,2,1,1,211,Others
13968.0,423,1,123.66,1,1,1,111,Hibernating / lost
13969.0,7,35,13365.87,3,3,3,333,Champions
13970.0,386,2,846.55,1,1,2,112,Hibernating / lost
13971.0,18,14,4667.57,3,3,3,333,Champions
13972.0,70,2,190.25,2,1,1,211,Others
13973.0,287,1,264.7,1,1,1,111,Hibernating / lost
13974.0,49,2,677.72,2,1,2,212,Others
13975.0,31,12,5358.84,3,3,3,333,Champions
13976.0,206,4,1192.36,2,2,2,222,Others
13977.0,411,1,519.8100000000001,1,1,2,112,Hibernating / lost
13978.0,14,2,196.79000000000002,3,1,1,311,New customers
13979.0,73,7,3416.23,2,3,3,233,Loyal customers
13980.0,60,5,799.92,2,2,2,222,Others
13981.0,415,1,331.14,1,1,1,111,Hibernating / lost
13982.0,39,9,4445.59,3,3,3,333,Champions
13983.0,29,21,7108.45,3,3,3,333,Champions
13984.0,26,12,2048.6,3,3,3,333,Champions
13985.0,4,22,10020.86,3,3,3,333,Champions
13986.0,17,1,320.46,3,1,1,311,New customers
13987.0,379,2,682.54,1,1,2,112,Hibernating / lost
13988.0,19,8,4757.8,3,3,3,333,Champions
13989.0,65,5,2026.06,2,2,3,223,Others
13990.0,213,1,311.3,2,1,1,211,Others
13991.0,12,6,855.97,3,3,2,332,Loyal customers
13992.0,30,3,219.5,3,2,1,321,Potential loyalists
13993.0,42,19,6775.71,2,3,3,233,Loyal customers
13994.0,3,6,2313.14,3,3,3,333,Champions
13995.0,15,14,3902.01,3,3,3,333,Champions
13996.0,386,2,895.76,1,1,2,112,Hibernating / lost
13997.0,519,3,382.31,1,2,1,121,At risk
13998.0,446,3,566.7,1,2,2,122,At risk
13999.0,10,29,9502.26,3,3,3,333,Champions
14000.0,211,5,2046.3400000000001,2,2,3,223,Others
14001.0,45,9,4530.09,2,3,3,233,Loyal customers
14002.0,134,2,529.73,2,1,2,212,Others
14003.0,732,1,209.41,1,1,1,111,Hibernating / lost
14004.0,43,11,6258.45,2,3,3,233,Loyal customers
14005.0,9,5,2874.72,3,2,3,323,Potential loyalists
14006.0,115,7,2196.67,2,3,3,233,Loyal customers
14007.0,512,1,79.48,1,1,1,111,Hibernating / lost
14008.0,432,1,509.04,1,1,2,112,Hibernating / lost
14009.0,198,3,1099.91,2,2,2,222,Others
14010.0,565,2,445.15,1,1,1,111,Hibernating / lost
14011.0,480,2,457.82,1,1,1,111,Hibernating / lost
14012.0,277,1,328.8,1,1,1,111,Hibernating / lost
14013.0,110,5,1084.57,2,2,2,222,Others
14014.0,77,3,1948.21,2,2,3,223,Others
14015.0,52,1,917.34,2,1,2,212,Others
14016.0,161,11,11403.41,2,3,3,233,Loyal customers
14017.0,571,1,229.75,1,1,1,111,Hibernating / lost
14018.0,645,1,367.15000000000003,1,1,1,111,Hibernating / lost
14019.0,46,3,1421.61,2,2,2,222,Others
14020.0,16,4,1249.01,3,2,2,322,Potential loyalists
14021.0,155,7,1716.58,2,3,3,233,Loyal customers
14022.0,225,2,792.15,2,1,2,212,Others
14023.0,7,2,584.07,3,1,2,312,Potential loyalists
14024.0,121,3,645.74,2,2,2,222,Others
14025.0,464,8,4057.9,1,3,3,133,At risk
14026.0,470,2,713.11,1,1,2,112,Hibernating / lost
14027.0,60,1,104.82,2,1,1,211,Others
14028.0,550,3,10396.5,1,2,3,123,At risk
14029.0,63,2,467.66,2,1,1,211,Others
14030.0,18,20,8262.29,3,3,3,333,Champions
14031.0,7,44,40999.17,3,3,3,333,Champions
14032.0,2,16,4850.2699999999995,3,3,3,333,Champions
14033.0,555,1,109.44,1,1,1,111,Hibernating / lost
14034.0,22,3,651.8199999999999,3,2,2,322,Potential loyalists
14035.0,28,9,2856.72,3,3,3,333,Champions
14036.0,284,1,626.65,1,1,2,112,Hibernating / lost
14037.0,176,6,836.95,2,3,2,232,Loyal customers
14038.0,78,5,3069.88,2,2,3,223,Others
14039.0,33,2,267.28000000000003,3,1,1,311,New customers
14040.0,40,35,12645.57,3,3,3,333,Champions
14041.0,266,1,141.41,1,1,1,111,Hibernating / lost
14042.0,725,1,431.98,1,1,1,111,Hibernating / lost
14043.0,491,2,304.25,1,1,1,111,Hibernating / lost
14044.0,26,10,3123.1,3,3,3,333,Champions
14045.0,109,16,11313.029999999999,2,3,3,233,Loyal customers
14046.0,284,1,154.99,1,1,1,111,Hibernating / lost
14047.0,8,14,4255.03,3,3,3,333,Champions
14048.0,305,3,748.69,1,2,2,122,At risk
14049.0,16,13,13239.03,3,3,3,333,Champions
14050.0,31,2,746.36,3,1,2,312,Potential loyalists
14051.0,0,37,22434.0,3,3,3,333,Champions
14052.0,19,2,480.81,3,1,2,312,Potential loyalists
14053.0,124,4,572.3,2,2,2,222,Others
14054.0,65,1,92.46,2,1,1,211,Others
14055.0,106,3,1520.96,2,2,2,222,Others
14056.0,1,23,8214.65,3,3,3,333,Champions
14057.0,23,22,8408.84,3,3,3,333,Champions
14058.0,462,2,469.19,1,1,1,111,Hibernating / lost
14059.0,266,1,183.6,1,1,1,111,Hibernating / lost
14060.0,4,30,9519.08,3,3,3,333,Champions
14061.0,507,3,917.4300000000001,1,2,2,122,At risk
14062.0,9,24,25604.2,3,3,3,333,Champions
14063.0,438,9,22710.2,1,3,3,133,At risk
14064.0,29,15,3332.42,3,3,3,333,Champions
14065.0,389,3,891.02,1,2,2,122,At risk
14066.0,266,1,152.55,1,1,1,111,Hibernating / lost
14067.0,63,2,374.7,2,1,1,211,Others
14068.0,320,4,1528.3700000000001,1,2,2,122,At risk
14069.0,514,2,230.06,1,1,1,111,Hibernating / lost
14070.0,684,1,326.55,1,1,1,111,Hibernating / lost
14071.0,3,8,1438.82,3,3,2,332,Loyal customers
14072.0,666,1,390.85,1,1,1,111,Hibernating / lost
14073.0,32,1,151.04,3,1,1,311,New customers
14074.0,623,1,219.39999999999998,1,1,1,111,Hibernating / lost
14075.0,4,6,1734.87,3,3,3,333,Champions
14076.0,129,1,122.47,2,1,1,211,Others
14077.0,40,6,615.0799999999999,3,3,2,332,Loyal customers
14078.0,101,9,1692.6299999999999,2,3,3,233,Loyal customers
14079.0,124,2,618.73,2,1,2,212,Others
14080.0,32,5,1115.68,3,2,2,322,Potential loyalists
14081.0,302,10,5370.1,1,3,3,133,At risk
14082.0,364,2,413.36,1,1,1,111,Hibernating / lost
14083.0,4,11,1407.26,3,3,2,332,Loyal customers
14084.0,512,1,150.5,1,1,1,111,Hibernating / lost
14085.0,2,33,10104.97,3,3,3,333,Champions
14086.0,462,1,39.95,1,1,1,111,Hibernating / lost
14087.0,2,3,846.22,3,2,2,322,Potential loyalists
14088.0,10,16,64036.8,3,3,3,333,Champions
14089.0,56,1,161.0,2,1,1,211,Others
14090.0,324,1,76.32000000000001,1,1,1,111,Hibernating / lost
14091.0,654,2,9530.08,1,1,3,113,Hibernating / lost
14092.0,7,24,7229.45,3,3,3,333,Champions
14093.0,12,1,442.85,3,1,1,311,New customers
14094.0,439,1,335.22,1,1,1,111,Hibernating / lost
14095.0,722,1,2.95,1,1,1,111,Hibernating / lost
14096.0,4,17,65164.79,3,3,3,333,Champions
14097.0,481,2,422.85999999999996,1,1,1,111,Hibernating / lost
14098.0,36,1,147.35,3,1,1,311,New customers
14099.0,16,20,5765.71,3,3,3,333,Champions
14100.0,137,1,194.9,2,1,1,211,Others
14101.0,73,13,9961.93,2,3,3,233,Loyal customers
14102.0,5,5,1360.28,3,2,2,322,Potential loyalists
14104.0,154,5,771.5799999999999,2,2,2,222,Others
14105.0,239,5,5988.83,2,2,3,223,Others
14106.0,737,1,214.79999999999998,1,1,1,111,Hibernating / lost
14107.0,51,11,4877.3,2,3,3,233,Loyal customers
14108.0,30,4,1044.96,3,2,2,322,Potential loyalists
14109.0,72,1,144.2,2,1,1,211,Others
14110.0,3,33,12987.95,3,3,3,333,Champions
14111.0,14,4,692.85,3,2,2,322,Potential loyalists
14112.0,22,13,5834.59,3,3,3,333,Champions
14113.0,3,16,7092.610000000001,3,3,3,333,Champions
14114.0,273,7,1364.09,1,3,2,132,At risk
14115.0,501,2,622.6700000000001,1,1,2,112,Hibernating / lost
14116.0,19,5,1382.74,3,2,2,322,Potential loyalists
14117.0,143,1,90.0,2,1,1,211,Others
14118.0,428,1,458.45,1,1,1,111,Hibernating / lost
14119.0,375,2,183.37,1,1,1,111,Hibernating / lost
14121.0,3,4,2780.15,3,2,3,323,Potential loyalists
14122.0,406,3,362.42,1,2,1,121,At risk
14123.0,733,1,436.18,1,1,1,111,Hibernating / lost
14124.0,84,1,419.58000000000004,2,1,1,211,Others
14125.0,10,3,2740.43,3,2,3,323,Potential loyalists
14126.0,7,4,1172.46,3,2,2,322,Potential loyalists
14127.0,122,6,1900.0800000000002,2,3,3,233,Loyal customers
14128.0,60,3,924.21,2,2,2,222,Others
14129.0,1,9,2591.34,3,3,3,333,Champions
14130.0,319,4,1882.67,1,2,3,123,At risk
14131.0,648,1,187.87,1,1,1,111,Hibernating / lost
14132.0,2,11,3586.0299999999997,3,3,3,333,Champions
14133.0,129,4,911.14,2,2,2,222,Others
14134.0,382,15,11123.35,1,3,3,133,At risk
14135.0,1,24,9643.92,3,3,3,333,Champions
14136.0,400,5,1570.81,1,2,2,122,At risk
14137.0,695,1,332.7,1,1,1,111,Hibernating / lost
14138.0,1,2,982.3800000000001,3,1,2,312,Potential loyalists
14139.0,46,4,1086.8,2,2,2,222,Others
14140.0,3,2,935.05,3,1,2,312,Potential loyalists
14141.0,2,4,915.13,3,2,2,322,Potential loyalists
14142.0,373,2,983.15,1,1,2,112,Hibernating / lost
14143.0,133,1,115.8,2,1,1,211,Others
14144.0,486,1,30.599999999999998,1,1,1,111,Hibernating / lost
14145.0,46,7,7600.05,2,3,3,233,Loyal customers
14146.0,8,12,9450.3,3,3,3,333,Champions
14147.0,78,9,2590.2,2,3,3,233,Loyal customers
14148.0,233,2,466.29,2,1,1,211,Others
14149.0,220,1,446.62,2,1,1,211,Others
14150.0,35,2,658.64,3,1,2,312,Potential loyalists
14151.0,673,2,679.45,1,1,2,112,Hibernating / lost
14152.0,75,7,1997.3400000000001,2,3,3,233,Loyal customers
14153.0,483,1,233.4,1,1,1,111,Hibernating / lost
14154.0,239,8,6460.7,2,3,3,233,Loyal customers
14155.0,266,1,118.75,1,1,1,111,Hibernating / lost
14156.0,9,156,313946.37,3,3,3,333,Champions
14157.0,19,5,1002.78,3,2,2,322,Potential loyalists
14158.0,40,1,507.66,3,1,2,312,Potential loyalists
14159.0,19,20,7938.01,3,3,3,333,Champions
14160.0,610,7,8421.47,1,3,3,133,At risk
14161.0,215,7,3318.88,2,3,3,233,Loyal customers
14162.0,173,2,289.36,2,1,1,211,Others
14163.0,87,5,2594.62,2,2,3,223,Others
14164.0,70,2,1631.77,2,1,3,213,Others
14165.0,275,1,122.53999999999999,1,1,1,111,Hibernating / lost
14166.0,505,2,256.85,1,1,1,111,Hibernating / lost
14167.0,39,8,1296.49,3,3,2,332,Loyal customers
14168.0,420,2,370.45,1,1,1,111,Hibernating / lost
14169.0,430,2,624.4300000000001,1,1,2,112,Hibernating / lost
14170.0,375,3,597.33,1,2,2,122,At risk
14171.0,98,2,498.79,2,1,2,212,Others
14172.0,605,3,402.72,1,2,1,121,At risk
14173.0,10,6,586.0,3,3,2,332,Loyal customers
14174.0,33,1,134.46,3,1,1,311,New customers
14175.0,59,8,7678.88,2,3,3,233,Loyal customers
14176.0,297,5,916.01,1,2,2,122,At risk
14177.0,86,13,2229.34,2,3,3,233,Loyal customers
14178.0,8,7,1620.93,3,3,2,332,Loyal customers
14179.0,40,2,719.78,3,1,2,312,Potential loyalists
14180.0,10,33,6319.25,3,3,3,333,Champions
14181.0,410,2,310.55,1,1,1,111,Hibernating / lost
14182.0,443,4,678.77,1,2,2,122,At risk
14183.0,411,2,286.29,1,1,1,111,Hibernating / lost
14184.0,66,1,452.89,2,1,1,211,Others
14185.0,331,1,197.65,1,1,1,111,Hibernating / lost
14186.0,427,5,1550.63,1,2,2,122,At risk
14187.0,473,1,123.5,1,1,1,111,Hibernating / lost
14188.0,30,6,2054.36,3,3,3,333,Champions
14189.0,2,16,5814.39,3,3,3,333,Champions
14190.0,666,1,79.9,1,1,1,111,Hibernating / lost
14191.0,1,15,4817.66,3,3,3,333,Champions
14192.0,388,1,293.74,1,1,1,111,Hibernating / lost
14193.0,67,3,1210.19,2,2,2,222,Others
14194.0,4,36,18670.59,3,3,3,333,Champions
14195.0,201,6,2615.6,2,3,3,233,Loyal customers
14196.0,106,1,335.52,2,1,1,211,Others
14197.0,410,1,390.05,1,1,1,111,Hibernating / lost
14198.0,18,9,1569.73,3,3,2,332,Loyal customers
14199.0,218,4,1091.7,2,2,2,222,Others
14200.0,617,1,379.2,1,1,1,111,Hibernating / lost
14201.0,60,10,1193.54,2,3,2,232,Loyal customers
14202.0,381,3,847.76,1,2,2,122,At risk
14203.0,397,1,339.34,1,1,1,111,Hibernating / lost
14204.0,2,4,1062.96,3,2,2,322,Potential loyalists
14205.0,16,9,2414.2,3,3,3,333,Champions
14206.0,239,3,1185.01,2,2,2,222,Others
14207.0,687,1,157.8,1,1,1,111,Hibernating / lost
14208.0,94,2,567.05,2,1,2,212,Others
14209.0,10,15,4993.27,3,3,3,333,Champions
14210.0,105,16,5861.52,2,3,3,233,Loyal customers
14211.0,53,18,4402.29,2,3,3,233,Loyal customers
14212.0,89,2,2190.14,2,1,3,213,Others
14213.0,404,1,1192.2,1,1,2,112,Hibernating / lost
14214.0,30,5,1004.38,3,2,2,322,Potential loyalists
14215.0,11,9,3416.33,3,3,3,333,Champions
14216.0,3,5,2150.04,3,2,3,323,Potential loyalists
14217.0,1,23,3416.89,3,3,3,333,Champions
14218.0,42,1,169.48000000000002,2,1,1,211,Others
14219.0,4,3,633.83,3,2,2,322,Potential loyalists
14220.0,247,4,1515.0,2,2,2,222,Others
14221.0,42,17,6517.49,2,3,3,233,Loyal customers
14222.0,177,1,683.17,2,1,2,212,Others
14223.0,92,3,991.13,2,2,2,222,Others
14224.0,110,9,1897.9,2,3,3,233,Loyal customers
14225.0,434,4,2037.02,1,2,3,123,At risk
14226.0,28,6,3002.53,3,3,3,333,Champions
14227.0,26,15,6368.71,3,3,3,333,Champions
14228.0,437,3,745.5,1,2,2,122,At risk
14229.0,51,7,2594.04,2,3,3,233,Loyal customers
14230.0,435,3,979.8000000000001,1,2,2,122,At risk
14231.0,183,4,1235.6200000000001,2,2,2,222,Others
14232.0,42,5,2048.07,2,2,3,223,Others
14233.0,49,7,2904.27,2,3,3,233,Loyal customers
14234.0,22,4,775.46,3,2,2,322,Potential loyalists
14235.0,75,9,4717.99,2,3,3,233,Loyal customers
14236.0,80,5,1744.64,2,2,3,223,Others
14237.0,373,2,632.14,1,1,2,112,Hibernating / lost
14238.0,326,3,434.23,1,2,1,121,At risk
14239.0,43,21,4263.17,2,3,3,233,Loyal customers
14240.0,30,3,1247.49,3,2,2,322,Potential loyalists
14241.0,183,2,333.70000000000005,2,1,1,211,Others
14242.0,234,2,280.55,2,1,1,211,Others
14243.0,8,17,7431.05,3,3,3,333,Champions
14244.0,660,1,366.41999999999996,1,1,1,111,Hibernating / lost
14245.0,219,2,1693.45,2,1,3,213,Others
14246.0,110,3,1474.06,2,2,2,222,Others
14247.0,278,5,772.66,1,2,2,122,At risk
14248.0,318,3,1032.95,1,2,2,122,At risk
14249.0,410,12,5625.461,1,3,3,133,At risk
14250.0,7,3,1904.05,3,2,3,323,Potential loyalists
14251.0,1,5,2879.7000000000003,3,2,3,323,Potential loyalists
14252.0,381,1,350.99,1,1,1,111,Hibernating / lost
14253.0,493,2,363.40000000000003,1,1,1,111,Hibernating / lost
14254.0,432,1,601.03,1,1,2,112,Hibernating / lost
14255.0,546,1,1000.63,1,1,2,112,Hibernating / lost
14256.0,260,5,2473.9900000000002,2,2,3,223,Others
14257.0,64,9,5954.45,2,3,3,233,Loyal customers
14258.0,9,25,32051.34,3,3,3,333,Champions
14259.0,141,1,120.0,2,1,1,211,Others
14260.0,471,3,824.28,1,2,2,122,At risk
14261.0,50,2,1163.45,2,1,2,212,Others
14262.0,8,8,2618.23,3,3,3,333,Champions
14263.0,423,1,322.93,1,1,1,111,Hibernating / lost
14264.0,154,6,1517.3600000000001,2,3,2,232,Loyal customers
14265.0,109,4,1373.35,2,2,2,222,Others
14266.0,428,1,40.56,1,1,1,111,Hibernating / lost
14267.0,162,3,1516.24,2,2,2,222,Others
14268.0,470,1,354.85,1,1,1,111,Hibernating / lost
14269.0,439,1,295.73,1,1,1,111,Hibernating / lost
14270.0,331,1,492.65000000000003,1,1,2,112,Hibernating / lost
14271.0,225,2,219.13,2,1,1,211,Others
14272.0,73,4,920.81,2,2,2,222,Others
14273.0,51,4,559.97,2,2,2,222,Others
14274.0,686,1,256.6,1,1,1,111,Hibernating / lost
14275.0,395,6,1189.3799999999999,1,3,2,132,At risk
14276.0,98,7,2102.68,2,3,3,233,Loyal customers
14277.0,15,9,17225.81,3,3,3,333,Champions
14278.0,409,1,205.83,1,1,1,111,Hibernating / lost
14279.0,520,2,191.86,1,1,1,111,Hibernating / lost
14280.0,196,1,134.04,2,1,1,211,Others
14281.0,408,1,245.15,1,1,1,111,Hibernating / lost
14282.0,3,25,7849.66,3,3,3,333,Champions
14283.0,463,4,628.4399999999999,1,2,2,122,At risk
14284.0,30,3,1299.65,3,2,2,322,Potential loyalists
14285.0,21,8,3284.42,3,3,3,333,Champions
14286.0,23,7,8479.76,3,3,3,333,Champions
14287.0,8,3,176.63,3,2,1,321,Potential loyalists
14288.0,213,1,426.6,2,1,1,211,Others
14289.0,8,6,911.26,3,3,2,332,Loyal customers
14290.0,11,8,4516.56,3,3,3,333,Champions
14291.0,1,23,7904.1,3,3,3,333,Champions
14292.0,7,16,9226.25,3,3,3,333,Champions
14293.0,3,9,3267.9300000000003,3,3,3,333,Champions
14294.0,407,1,375.34,1,1,1,111,Hibernating / lost
14295.0,40,5,2362.91,3,2,3,323,Potential loyalists
14296.0,421,2,456.40000000000003,1,1,1,111,Hibernating / lost
14297.0,17,4,1305.33,3,2,2,322,Potential loyalists
14298.0,8,82,91194.49,3,3,3,333,Champions
14299.0,8,27,14499.49,3,3,3,333,Champions
14300.0,18,1,43.2,3,1,1,311,New customers
14301.0,117,4,1992.18,2,2,3,223,Others
14302.0,430,3,742.9000000000001,1,2,2,122,At risk
14303.0,407,2,277.94,1,1,1,111,Hibernating / lost
14304.0,222,3,1725.01,2,2,3,223,Others
14305.0,71,3,1858.96,2,2,3,223,Others
14306.0,51,6,3151.4,2,3,3,233,Loyal customers
14307.0,88,10,5071.03,2,3,3,233,Loyal customers
14308.0,549,2,1147.02,1,1,2,112,Hibernating / lost
14309.0,8,11,3780.81,3,3,3,333,Champions
14310.0,432,1,492.1,1,1,2,112,Hibernating / lost
14311.0,242,2,516.45,2,1,2,212,Others
14312.0,46,11,3090.29,2,3,3,233,Loyal customers
14314.0,106,2,229.8,2,1,1,211,Others
14315.0,44,8,3197.82,2,3,3,233,Loyal customers
14316.0,422,5,1370.34,1,2,2,122,At risk
14317.0,64,1,508.58000000000004,2,1,2,212,Others
14318.0,460,1,158.02,1,1,1,111,Hibernating / lost
14319.0,424,1,494.85,1,1,2,112,Hibernating / lost
14320.0,206,5,1346.75,2,2,2,222,Others
14321.0,10,7,2218.06,3,3,3,333,Champions
14322.0,429,4,474.1,1,2,2,122,At risk
14323.0,114,2,605.0600000000001,2,1,2,212,Others
14324.0,409,2,701.61,1,1,2,112,Hibernating / lost
14325.0,569,1,245.48000000000002,1,1,1,111,Hibernating / lost
14326.0,242,3,940.98,2,2,2,222,Others
14327.0,163,6,1894.93,2,3,3,233,Loyal customers
14328.0,438,1,445.05,1,1,1,111,Hibernating / lost
14329.0,17,15,9927.22,3,3,3,333,Champions
14330.0,623,1,200.63,1,1,1,111,Hibernating / lost
14331.0,124,2,462.65999999999997,2,1,1,211,Others
14332.0,22,5,1943.51,3,2,3,323,Potential loyalists
14333.0,67,1,415.2,2,1,1,211,Others
14334.0,16,12,4318.48,3,3,3,333,Champions
14335.0,16,2,468.26,3,1,1,311,New customers
14336.0,16,4,1614.91,3,2,2,322,Potential loyalists
14338.0,161,3,928.1,2,2,2,222,Others
14339.0,242,2,620.27,2,1,2,212,Others
14340.0,218,1,134.7,2,1,1,211,Others
14341.0,45,18,4467.32,2,3,3,233,Loyal customers
14342.0,21,6,918.44,3,3,2,332,Loyal customers
14343.0,421,4,1088.91,1,2,2,122,At risk
14344.0,127,20,3333.7000000000003,2,3,3,233,Loyal customers
14345.0,38,1,108.97999999999999,3,1,1,311,New customers
14346.0,120,5,2315.75,2,2,3,223,Others
14347.0,736,1,82.6,1,1,1,111,Hibernating / lost
14348.0,260,1,409.57,2,1,1,211,Others
14349.0,10,1,133.5,3,1,1,311,New customers
14350.0,274,3,972.03,1,2,2,122,At risk
14351.0,164,1,51.0,2,1,1,211,Others
14352.0,157,4,1078.96,2,2,2,222,Others
14353.0,215,3,376.5,2,2,1,221,Others
14354.0,5,2,163.62,3,1,1,311,New customers
14355.0,365,3,1014.45,1,2,2,122,At risk
14356.0,79,2,701.23,2,1,2,212,Others
14357.0,43,1,225.77,2,1,1,211,Others
14358.0,389,2,400.06,1,1,1,111,Hibernating / lost
14359.0,19,3,912.18,3,2,2,322,Potential loyalists
14360.0,31,4,2128.23,3,2,3,323,Potential loyalists
14361.0,578,1,214.70999999999998,1,1,1,111,Hibernating / lost
14362.0,22,1,161.2,3,1,1,311,New customers
14363.0,402,2,227.47000000000003,1,1,1,111,Hibernating / lost
14364.0,108,8,3717.35,2,3,3,233,Loyal customers
14365.0,394,2,634.68,1,1,2,112,Hibernating / lost
14366.0,525,1,136.0,1,1,1,111,Hibernating / lost
14367.0,8,16,9261.52,3,3,3,333,Champions
14368.0,319,1,155.0,1,1,1,111,Hibernating / lost
14369.0,642,2,469.13,1,1,1,111,Hibernating / lost
14370.0,450,6,1175.78,1,3,2,132,At risk
14371.0,295,1,100.5,1,1,1,111,Hibernating / lost
14372.0,443,2,860.08,1,1,2,112,Hibernating / lost
14373.0,358,1,76.55,1,1,1,111,Hibernating / lost
14374.0,541,1,108.0,1,1,1,111,Hibernating / lost
14375.0,185,3,1132.99,2,2,2,222,Others
14376.0,683,1,215.46,1,1,1,111,Hibernating / lost
14377.0,191,2,617.05,2,1,2,212,Others
14378.0,621,1,131.25,1,1,1,111,Hibernating / lost
14379.0,44,4,1268.91,2,2,2,222,Others
14380.0,682,1,48.96,1,1,1,111,Hibernating / lost
14381.0,52,2,631.34,2,1,2,212,Others
14382.0,26,2,1246.8,3,1,2,312,Potential loyalists
14383.0,38,3,1247.69,3,2,2,322,Potential loyalists
14384.0,500,1,58.5,1,1,1,111,Hibernating / lost
14385.0,9,3,202.11,3,2,1,321,Potential loyalists
14386.0,296,1,142.4,1,1,1,111,Hibernating / lost
14387.0,32,3,1770.56,3,2,3,323,Potential loyalists
14388.0,10,16,6701.0,3,3,3,333,Champions
14389.0,65,5,1898.01,2,2,3,223,Others
14390.0,10,13,6399.83,3,3,3,333,Champions
14391.0,576,1,135.6,1,1,1,111,Hibernating / lost
14392.0,432,1,266.4,1,1,1,111,Hibernating / lost
14393.0,218,1,67.95,2,1,1,211,Others
14394.0,564,1,93.8,1,1,1,111,Hibernating / lost
14395.0,2,20,8208.01,3,3,3,333,Champions
14396.0,65,7,2121.93,2,3,3,233,Loyal customers
14397.0,2,19,2612.96,3,3,3,333,Champions
14398.0,401,2,707.79,1,1,2,112,Hibernating / lost
14399.0,394,8,2113.16,1,3,3,133,At risk
14400.0,149,3,1732.47,2,2,3,223,Others
14401.0,4,22,6795.9,3,3,3,333,Champions
14402.0,652,1,285.6,1,1,1,111,Hibernating / lost
14403.0,130,6,1880.51,2,3,3,233,Loyal customers
14404.0,33,13,2899.11,3,3,3,333,Champions
14405.0,386,1,195.0,1,1,1,111,Hibernating / lost
14406.0,119,1,156.75,2,1,1,211,Others
14407.0,107,6,2157.73,2,3,3,233,Loyal customers
14408.0,10,11,4109.77,3,3,3,333,Champions
14409.0,71,9,3756.09,2,3,3,233,Loyal customers
14410.0,92,11,2651.14,2,3,3,233,Loyal customers
14411.0,310,1,1063.0,1,1,2,112,Hibernating / lost
14412.0,42,3,1426.19,2,2,2,222,Others
14413.0,362,4,770.37,1,2,2,122,At risk
14414.0,91,8,2399.33,2,3,3,233,Loyal customers
14415.0,1,23,12091.6,3,3,3,333,Champions
14416.0,22,2,490.22,3,1,2,312,Potential loyalists
14417.0,387,1,604.2,1,1,2,112,Hibernating / lost
14418.0,3,3,1937.25,3,2,3,323,Potential loyalists
14419.0,10,7,1260.91,3,3,2,332,Loyal customers
14420.0,99,4,1639.17,2,2,3,223,Others
14421.0,57,6,2469.37,2,3,3,233,Loyal customers
14422.0,0,19,10271.52,3,3,3,333,Champions
14423.0,218,3,916.6099999999999,2,2,2,222,Others
14424.0,17,1,322.08,3,1,1,311,New customers
14425.0,434,3,661.39,1,2,2,122,At risk
14426.0,23,17,11727.94,3,3,3,333,Champions
14427.0,50,4,1263.52,2,2,2,222,Others
14428.0,7,5,1244.83,3,2,2,322,Potential loyalists
14429.0,403,1,516.28,1,1,2,112,Hibernating / lost
14430.0,511,3,1220.9,1,2,2,122,At risk
14431.0,302,4,2614.2,1,2,3,123,At risk
14432.0,9,6,2255.51,3,3,3,333,Champions
14433.0,465,1,289.6,1,1,1,111,Hibernating / lost
14434.0,21,6,1372.8,3,3,2,332,Loyal customers
14435.0,501,1,90.42,1,1,1,111,Hibernating / lost
14436.0,98,2,271.70000000000005,2,1,1,211,Others
14437.0,365,5,958.84,1,2,2,122,At risk
14438.0,306,1,131.9,1,1,1,111,Hibernating / lost
14439.0,319,5,9443.04,1,2,3,123,At risk
14440.0,8,13,6638.7300000000005,3,3,3,333,Champions
14441.0,0,11,4611.6900000000005,3,3,3,333,Champions
14442.0,204,7,5367.0199999999995,2,3,3,233,Loyal customers
14443.0,53,5,2386.47,2,2,3,223,Others
14444.0,456,1,132.04,1,1,1,111,Hibernating / lost
14445.0,455,1,221.65,1,1,1,111,Hibernating / lost
14446.0,0,5,1241.31,3,2,2,322,Potential loyalists
14447.0,18,6,1711.73,3,3,3,333,Champions
14448.0,9,2,375.35,3,1,1,311,New customers
14449.0,18,8,2482.8,3,3,3,333,Champions
14450.0,180,7,1128.44,2,3,2,232,Loyal customers
14451.0,60,12,3308.77,2,3,3,233,Loyal customers
14452.0,10,4,665.59,3,2,2,322,Potential loyalists
14453.0,190,1,119.93,2,1,1,211,Others
14454.0,376,5,977.3,1,2,2,122,At risk
14455.0,432,4,628.21,1,2,2,122,At risk
14456.0,5,9,3062.4,3,3,3,333,Champions
14457.0,310,1,113.64,1,1,1,111,Hibernating / lost
14458.0,380,1,237.42,1,1,1,111,Hibernating / lost
14459.0,155,2,5375.741,2,1,3,213,Others
14460.0,110,9,1093.5,2,3,2,232,Loyal customers
14461.0,148,13,6713.5,2,3,3,233,Loyal customers
14462.0,66,12,2270.01,2,3,3,233,Loyal customers
14463.0,98,4,786.5699999999999,2,2,2,222,Others
14464.0,568,2,111.0,1,1,1,111,Hibernating / lost
14465.0,246,11,3946.03,2,3,3,233,Loyal customers
14466.0,29,13,4646.9,3,3,3,333,Champions
14467.0,17,12,2220.9900000000002,3,3,3,333,Champions
14468.0,733,1,204.24,1,1,1,111,Hibernating / lost
14469.0,416,4,2112.21,1,2,3,123,At risk
14470.0,11,3,712.04,3,2,2,322,Potential loyalists
14471.0,591,2,400.95,1,1,1,111,Hibernating / lost
14472.0,103,9,2228.22,2,3,3,233,Loyal customers
14473.0,74,2,234.34000000000003,2,1,1,211,Others
14474.0,46,2,1278.08,2,1,2,212,Others
14475.0,71,4,1151.15,2,2,2,222,Others
14476.0,257,1,215.7,2,1,1,211,Others
14477.0,19,7,1969.6,3,3,3,333,Champions
14478.0,382,4,1276.66,1,2,2,122,At risk
14479.0,253,4,1299.11,2,2,2,222,Others
14480.0,11,4,1299.52,3,2,2,322,Potential loyalists
14481.0,164,5,2311.4900000000002,2,2,3,223,Others
14482.0,18,12,4357.91,3,3,3,333,Champions
14483.0,281,2,257.1,1,1,1,111,Hibernating / lost
14484.0,50,4,1070.98,2,2,2,222,Others
14485.0,38,1,165.75,3,1,1,311,New customers
14486.0,511,2,175.5,1,1,1,111,Hibernating / lost
14487.0,26,7,1453.61,3,3,2,332,Loyal customers
14488.0,67,1,1064.28,2,1,2,212,Others
14489.0,207,4,1574.93,2,2,2,222,Others
14490.0,406,2,1273.47,1,1,2,112,Hibernating / lost
14491.0,175,2,468.13,2,1,1,211,Others
14492.0,430,7,1921.91,1,3,3,133,At risk
14493.0,7,10,5130.15,3,3,3,333,Champions
14494.0,25,3,401.46,3,2,1,321,Potential loyalists
14495.0,50,3,174.8,2,2,1,221,Others
14496.0,311,7,2668.23,1,3,3,133,At risk
14497.0,309,2,697.0600000000001,1,1,2,112,Hibernating / lost
14498.0,42,10,3911.27,2,3,3,233,Loyal customers
14499.0,26,7,2138.9700000000003,3,3,3,333,Champions
14500.0,88,3,356.85,2,2,1,221,Others
14501.0,183,2,251.21,2,1,1,211,Others
14502.0,19,11,2470.67,3,3,3,333,Champions
14503.0,3,6,3543.26,3,3,3,333,Champions
14504.0,47,4,673.26,2,2,2,222,Others
14505.0,17,19,12001.84,3,3,3,333,Champions
14506.0,17,7,3290.67,3,3,3,333,Champions
14507.0,23,11,3284.43,3,3,3,333,Champions
14508.0,22,5,874.94,3,2,2,322,Potential loyalists
14509.0,534,1,110.95,1,1,1,111,Hibernating / lost
14510.0,375,3,1007.28,1,2,2,122,At risk
14511.0,11,5,1314.81,3,2,2,322,Potential loyalists
14512.0,187,7,1223.47,2,3,2,232,Loyal customers
14513.0,100,6,788.01,2,3,2,232,Loyal customers
14514.0,61,9,4598.9800000000005,2,3,3,233,Loyal customers
14515.0,17,12,3749.2599999999998,3,3,3,333,Champions
14516.0,516,1,163.92,1,1,1,111,Hibernating / lost
14517.0,33,2,330.45,3,1,1,311,New customers
14518.0,64,1,174.37,2,1,1,211,Others
14519.0,683,2,206.09,1,1,1,111,Hibernating / lost
14520.0,1,2,270.6,3,1,1,311,New customers
14521.0,491,1,199.45000000000002,1,1,1,111,Hibernating / lost
14522.0,24,8,1758.6200000000001,3,3,3,333,Champions
14523.0,108,1,241.09,2,1,1,211,Others
14524.0,31,13,2933.71,3,3,3,333,Champions
14525.0,19,17,8240.64,3,3,3,333,Champions
14526.0,389,1,262.4,1,1,1,111,Hibernating / lost
14527.0,2,122,27792.3,3,3,3,333,Champions
14528.0,37,1,364.21999999999997,3,1,1,311,New customers
14529.0,60,3,620.04,2,2,2,222,Others
14530.0,25,16,6197.4,3,3,3,333,Champions
14531.0,479,1,376.34,1,1,1,111,Hibernating / lost
14532.0,236,11,3859.1800000000003,2,3,3,233,Loyal customers
14533.0,24,11,3466.37,3,3,3,333,Champions
14534.0,2,26,6271.11,3,3,3,333,Champions
14535.0,60,9,6030.7300000000005,2,3,3,233,Loyal customers
14536.0,259,1,171.8,2,1,1,211,Others
14537.0,57,2,641.4,2,1,2,212,Others
14538.0,64,5,1370.8400000000001,2,2,2,222,Others
14539.0,15,2,537.48,3,1,2,312,Potential loyalists
14540.0,9,11,3795.34,3,3,3,333,Champions
14541.0,58,14,2499.68,2,3,3,233,Loyal customers
14542.0,185,1,103.25,2,1,1,211,Others
14543.0,28,39,14906.77,3,3,3,333,Champions
14544.0,24,3,2982.43,3,2,3,323,Potential loyalists
14545.0,674,1,349.25,1,1,1,111,Hibernating / lost
14546.0,5,11,5197.9,3,3,3,333,Champions
14547.0,3,8,4007.54,3,3,3,333,Champions
14548.0,150,9,2627.49,2,3,3,233,Loyal customers
14549.0,311,4,916.5500000000001,1,2,2,122,At risk
14550.0,10,4,1353.31,3,2,2,322,Potential loyalists
14551.0,18,7,880.04,3,3,2,332,Loyal customers
14552.0,151,3,511.28000000000003,2,2,2,222,Others
14553.0,19,9,1841.54,3,3,3,333,Champions
14554.0,10,4,2381.04,3,2,3,323,Potential loyalists
14555.0,57,6,2315.63,2,3,3,233,Loyal customers
14556.0,596,3,835.34,1,2,2,122,At risk
14557.0,85,1,788.38,2,1,2,212,Others
14558.0,654,3,655.5,1,2,2,122,At risk
14559.0,390,1,75.6,1,1,1,111,Hibernating / lost
14560.0,7,44,6114.03,3,3,3,333,Champions
14561.0,75,3,1080.76,2,2,2,222,Others
14562.0,3,26,6729.400000000001,3,3,3,333,Champions
14563.0,509,2,679.44,1,1,2,112,Hibernating / lost
14564.0,434,2,2605.62,1,1,3,113,Hibernating / lost
14565.0,95,5,3859.2200000000003,2,2,3,223,Others
14566.0,110,4,4092.0,2,2,3,223,Others
14567.0,56,2,1530.3600000000001,2,1,2,212,Others
14568.0,435,1,919.7,1,1,2,112,Hibernating / lost
14569.0,1,4,598.98,3,2,2,322,Potential loyalists
14570.0,280,3,613.75,1,2,2,122,At risk
14571.0,425,1,161.65,1,1,1,111,Hibernating / lost
14572.0,3,11,5615.18,3,3,3,333,Champions
14573.0,179,13,2621.42,2,3,3,233,Loyal customers
14574.0,732,1,143.70000000000002,1,1,1,111,Hibernating / lost
14575.0,488,1,460.71,1,1,1,111,Hibernating / lost
14576.0,372,1,70.80000000000001,1,1,1,111,Hibernating / lost
14577.0,12,7,1374.25,3,3,2,332,Loyal customers
14578.0,3,1,168.63,3,1,1,311,New customers
14579.0,432,1,105.56,1,1,1,111,Hibernating / lost
14580.0,518,1,14.850000000000001,1,1,1,111,Hibernating / lost
14581.0,16,2,433.8,3,1,1,311,New customers
14582.0,40,1,114.11,3,1,1,311,New customers
14583.0,5,8,1781.03,3,3,3,333,Champions
14584.0,169,8,1747.91,2,3,3,233,Loyal customers
14585.0,50,5,1143.27,2,2,2,222,Others
14586.0,276,1,237.36,1,1,1,111,Hibernating / lost
14587.0,18,9,1601.14,3,3,2,332,Loyal customers
14588.0,578,1,135.39,1,1,1,111,Hibernating / lost
14589.0,371,1,79.5,1,1,1,111,Hibernating / lost
14590.0,424,20,3006.62,1,3,3,133,At risk
14591.0,15,4,1447.14,3,2,2,322,Potential loyalists
14592.0,35,3,570.46,3,2,2,322,Potential loyalists
14593.0,21,12,3712.0099999999998,3,3,3,333,Champions
14594.0,7,2,634.83,3,1,2,312,Potential loyalists
14595.0,19,8,2164.45,3,3,3,333,Champions
14596.0,626,1,229.47,1,1,1,111,Hibernating / lost
14597.0,11,6,2201.54,3,3,3,333,Champions
14598.0,44,2,384.04,2,1,1,211,Others
14599.0,390,2,474.54,1,1,2,112,Hibernating / lost
14600.0,305,2,865.1700000000001,1,1,2,112,Hibernating / lost
14601.0,10,1,213.96,3,1,1,311,New customers
14602.0,656,1,205.35999999999999,1,1,1,111,Hibernating / lost
14603.0,274,1,660.0,1,1,2,112,Hibernating / lost
14604.0,633,1,143.85999999999999,1,1,1,111,Hibernating / lost
14605.0,374,4,937.16,1,2,2,122,At risk
14606.0,1,192,30861.06,3,3,3,333,Champions
14607.0,15,22,24137.63,3,3,3,333,Champions
14608.0,4,11,3352.94,3,3,3,333,Champions
14609.0,72,10,1486.2,2,3,2,232,Loyal customers
14610.0,395,2,24.35,1,1,1,111,Hibernating / lost
14611.0,443,2,604.3299999999999,1,1,2,112,Hibernating / lost
14612.0,415,1,877.7,1,1,2,112,Hibernating / lost
14613.0,680,1,76.32000000000001,1,1,1,111,Hibernating / lost
14614.0,386,1,295.13,1,1,1,111,Hibernating / lost
14615.0,394,5,951.76,1,2,2,122,At risk
14616.0,242,5,527.78,2,2,2,222,Others
14617.0,402,2,190.47000000000003,1,1,1,111,Hibernating / lost
14618.0,9,7,1342.32,3,3,2,332,Loyal customers
14619.0,245,2,1291.24,2,1,2,212,Others
14620.0,205,2,412.78000000000003,2,1,1,211,Others
14621.0,1,9,3000.57,3,3,3,333,Champions
14622.0,184,1,320.58000000000004,2,1,1,211,Others
14623.0,32,10,2059.58,3,3,3,333,Champions
14624.0,57,6,814.07,2,3,2,232,Loyal customers
14625.0,196,11,4497.88,2,3,3,233,Loyal customers
14626.0,23,11,5410.92,3,3,3,333,Champions
14627.0,379,1,462.75,1,1,1,111,Hibernating / lost
14628.0,91,5,1998.0,2,2,3,223,Others
14629.0,4,2,959.01,3,1,2,312,Potential loyalists
14630.0,484,1,338.65,1,1,1,111,Hibernating / lost
14631.0,50,6,2025.69,2,3,3,233,Loyal customers
14632.0,262,1,114.56,2,1,1,211,Others
14633.0,266,1,344.90000000000003,1,1,1,111,Hibernating / lost
14634.0,437,4,2124.46,1,2,3,123,At risk
14635.0,453,1,215.22,1,1,1,111,Hibernating / lost
14636.0,36,2,609.85,3,1,2,312,Potential loyalists
14637.0,677,1,106.67999999999999,1,1,1,111,Hibernating / lost
14638.0,50,1,443.6,2,1,1,211,Others
14639.0,52,9,4978.96,2,3,3,233,Loyal customers
14640.0,24,10,3667.06,3,3,3,333,Champions
14641.0,21,1,110.46,3,1,1,311,New customers
14642.0,58,1,96.12,2,1,1,211,Others
14643.0,170,5,1679.89,2,2,3,223,Others
14644.0,67,7,2247.72,2,3,3,233,Loyal customers
14645.0,156,3,876.89,2,2,2,222,Others
14646.0,1,151,528602.52,3,3,3,333,Champions
14647.0,201,2,519.97,2,1,2,212,Others
14648.0,416,15,4546.86,1,3,3,133,At risk
14649.0,4,9,3775.31,3,3,3,333,Champions
14650.0,589,1,62.5,1,1,1,111,Hibernating / lost
14651.0,67,9,2034.1200000000001,2,3,3,233,Loyal customers
14652.0,77,1,114.18,2,1,1,211,Others
14653.0,1,12,3614.54,3,3,3,333,Champions
14654.0,738,1,246.86,1,1,1,111,Hibernating / lost
14655.0,8,7,3878.51,3,3,3,333,Champions
14656.0,169,5,814.65,2,2,2,222,Others
14657.0,17,6,1460.8700000000001,3,3,2,332,Loyal customers
14658.0,5,2,247.15,3,1,1,311,New customers
14659.0,8,9,2529.93,3,3,3,333,Champions
14660.0,86,2,285.74,2,1,1,211,Others
14661.0,26,1,107.95,3,1,1,311,New customers
14662.0,28,7,1416.33,3,3,2,332,Loyal customers
14663.0,430,2,490.6,1,1,2,112,Hibernating / lost
14664.0,19,2,637.89,3,1,2,312,Potential loyalists
14665.0,60,7,2749.65,2,3,3,233,Loyal customers
14666.0,24,1,195.25,3,1,1,311,New customers
14667.0,10,54,21927.14,3,3,3,333,Champions
14668.0,445,1,111.63,1,1,1,111,Hibernating / lost
14669.0,241,7,3243.93,2,3,3,233,Loyal customers
14670.0,280,3,602.0,1,2,2,122,At risk
14671.0,549,2,1127.45,1,1,2,112,Hibernating / lost
14672.0,234,4,1113.14,2,2,2,222,Others
14673.0,3,7,3410.81,3,3,3,333,Champions
14674.0,509,1,173.66,1,1,1,111,Hibernating / lost
14675.0,16,2,1066.9,3,1,2,312,Potential loyalists
14676.0,31,12,8356.79,3,3,3,333,Champions
14677.0,592,1,184.91,1,1,1,111,Hibernating / lost
14678.0,579,1,403.39,1,1,1,111,Hibernating / lost
14679.0,381,3,1289.44,1,2,2,122,At risk
14680.0,25,58,57412.77,3,3,3,333,Champions
14681.0,71,6,875.1500000000001,2,3,2,232,Loyal customers
14682.0,187,6,1514.81,2,3,2,232,Loyal customers
14683.0,588,1,146.56,1,1,1,111,Hibernating / lost
14684.0,25,6,1468.55,3,3,2,332,Loyal customers
14685.0,576,8,4619.79,1,3,3,133,At risk
14686.0,414,5,885.83,1,2,2,122,At risk
14687.0,106,3,1402.06,2,2,2,222,Others
14688.0,7,28,7713.57,3,3,3,333,Champions
14689.0,208,1,112.8,2,1,1,211,Others
14690.0,44,4,794.33,2,2,2,222,Others
14691.0,30,5,2114.33,3,2,3,323,Potential loyalists
14692.0,137,12,1745.09,2,3,3,233,Loyal customers
14693.0,264,7,1165.36,2,3,2,232,Loyal customers
14694.0,617,1,244.31,1,1,1,111,Hibernating / lost
14695.0,519,3,1620.07,1,2,2,122,At risk
14696.0,4,8,2767.9,3,3,3,333,Champions
14697.0,218,2,188.60999999999999,2,1,1,211,Others
14698.0,1,5,1250.76,3,2,2,322,Potential loyalists
14699.0,214,4,702.6,2,2,2,222,Others
14700.0,32,5,3116.26,3,2,3,323,Potential loyalists
14701.0,10,15,4562.09,3,3,3,333,Champions
14702.0,1,29,6754.22,3,3,3,333,Champions
14703.0,14,1,318.17,3,1,1,311,New customers
14704.0,11,11,1813.57,3,3,3,333,Champions
14705.0,198,1,179.0,2,1,1,211,Others
14706.0,618,1,390.69,1,1,1,111,Hibernating / lost
14707.0,435,2,139.2,1,1,1,111,Hibernating / lost
14708.0,2,5,2212.2799999999997,3,2,3,323,Potential loyalists
14709.0,15,25,8886.33,3,3,3,333,Champions
14710.0,14,13,1922.59,3,3,3,333,Champions
14711.0,10,11,2868.8,3,3,3,333,Champions
14712.0,29,4,1328.0700000000002,3,2,2,322,Potential loyalists
14713.0,9,21,5418.87,3,3,3,333,Champions
14714.0,24,4,906.24,3,2,2,322,Potential loyalists
14715.0,24,8,1840.45,3,3,3,333,Champions
14716.0,43,3,565.45,2,2,2,222,Others
14717.0,733,1,81.3,1,1,1,111,Hibernating / lost
14718.0,410,1,226.42,1,1,1,111,Hibernating / lost
14719.0,1,5,1602.13,3,2,2,322,Potential loyalists
14720.0,5,3,663.81,3,2,2,322,Potential loyalists
14721.0,379,1,115.77,1,1,1,111,Hibernating / lost
14722.0,147,3,513.37,2,2,2,222,Others
14723.0,10,11,2093.06,3,3,3,333,Champions
14724.0,590,1,345.25,1,1,1,111,Hibernating / lost
14725.0,24,4,1315.24,3,2,2,322,Potential loyalists
14726.0,654,1,124.75,1,1,1,111,Hibernating / lost
14727.0,274,3,467.92999999999995,1,2,1,121,At risk
14728.0,413,1,190.58,1,1,1,111,Hibernating / lost
14729.0,373,3,907.38,1,2,2,122,At risk
14730.0,1,8,2005.06,3,3,3,333,Champions
14731.0,47,3,380.02,2,2,1,221,Others
14732.0,8,19,5517.07,3,3,3,333,Champions
14733.0,16,15,16184.97,3,3,3,333,Champions
14734.0,425,4,1056.42,1,2,2,122,At risk
14735.0,3,56,12240.16,3,3,3,333,Champions
14736.0,485,2,401.08,1,1,1,111,Hibernating / lost
14737.0,3,4,3554.17,3,2,3,323,Potential loyalists
14738.0,42,9,1821.9,2,3,3,233,Loyal customers
14739.0,4,25,12287.5,3,3,3,333,Champions
14740.0,197,11,4161.06,2,3,3,233,Loyal customers
14741.0,11,7,1897.59,3,3,3,333,Champions
14742.0,435,1,579.85,1,1,2,112,Hibernating / lost
14743.0,592,1,50.48,1,1,1,111,Hibernating / lost
14744.0,16,14,3885.08,3,3,3,333,Champions
14745.0,112,12,2571.81,2,3,3,233,Loyal customers
14746.0,406,4,593.5,1,2,2,122,At risk
14747.0,249,1,328.2,2,1,1,211,Others
14748.0,29,10,3152.32,3,3,3,333,Champions
14749.0,479,1,310.15,1,1,1,111,Hibernating / lost
14750.0,736,1,112.03,1,1,1,111,Hibernating / lost
14751.0,684,2,126.45,1,1,1,111,Hibernating / lost
14752.0,43,1,389.64,2,1,1,211,Others
14753.0,87,2,869.51,2,1,2,212,Others
14754.0,44,6,1550.48,2,3,2,232,Loyal customers
14755.0,9,25,9972.550000000001,3,3,3,333,Champions
14756.0,15,3,2653.76,3,2,3,323,Potential loyalists
14757.0,75,1,420.5,2,1,1,211,Others
14758.0,144,7,2864.97,2,3,3,233,Loyal customers
14759.0,4,3,1625.97,3,2,3,323,Potential loyalists
14760.0,297,1,89.2,1,1,1,111,Hibernating / lost
14761.0,58,3,447.92,2,2,1,221,Others
14762.0,263,2,417.57,2,1,1,211,Others
14764.0,46,1,278.3,2,1,1,211,Others
14765.0,29,3,254.11,3,2,1,321,Potential loyalists
14766.0,8,11,6556.13,3,3,3,333,Champions
14767.0,474,1,382.81,1,1,1,111,Hibernating / lost
14768.0,17,2,192.60000000000002,3,1,1,311,New customers
14769.0,2,17,15771.88,3,3,3,333,Champions
14770.0,232,8,3637.64,2,3,3,233,Loyal customers
14771.0,621,2,594.62,1,1,2,112,Hibernating / lost
14772.0,112,1,139.26,2,1,1,211,Others
14773.0,592,1,140.55,1,1,1,111,Hibernating / lost
14774.0,528,1,241.45,1,1,1,111,Hibernating / lost
14775.0,58,3,1418.46,2,2,2,222,Others
14776.0,51,15,3708.3,2,3,3,233,Loyal customers
14777.0,403,1,307.56,1,1,1,111,Hibernating / lost
14778.0,127,2,730.86,2,1,2,212,Others
14779.0,280,3,386.15,1,2,1,121,At risk
14780.0,54,2,447.68,2,1,1,211,Others
14782.0,319,1,200.10000000000002,1,1,1,111,Hibernating / lost
14783.0,659,1,307.3,1,1,1,111,Hibernating / lost
14784.0,26,3,449.93,3,2,1,321,Potential loyalists
14785.0,10,2,77.4,3,1,1,311,New customers
14786.0,550,1,90.96,1,1,1,111,Hibernating / lost
14787.0,471,1,110.65,1,1,1,111,Hibernating / lost
14788.0,7,3,1156.32,3,2,2,322,Potential loyalists
14789.0,28,1,197.64,3,1,1,311,New customers
14790.0,16,10,2526.62,3,3,3,333,Champions
14791.0,606,1,303.63,1,1,1,111,Hibernating / lost
14792.0,63,1,6.2,2,1,1,211,Others
14793.0,21,2,625.9,3,1,2,312,Potential loyalists
14794.0,2,10,1953.9,3,3,3,333,Champions
14795.0,166,1,131.45000000000002,2,1,1,211,Others
14796.0,1,27,10889.64,3,3,3,333,Champions
14797.0,507,1,300.31,1,1,1,111,Hibernating / lost
14798.0,52,8,724.31,2,3,2,232,Loyal customers
14799.0,51,2,338.15,2,1,1,211,Others
14800.0,47,17,7774.32,2,3,3,233,Loyal customers
14801.0,61,1,193.14,2,1,1,211,Others
14802.0,438,2,1502.98,1,1,2,112,Hibernating / lost
14803.0,162,3,845.55,2,2,2,222,Others
14804.0,8,1,353.27,3,1,1,311,New customers
14805.0,15,7,1104.64,3,3,2,332,Loyal customers
14806.0,75,2,303.43,2,1,1,211,Others
14807.0,390,2,519.29,1,1,2,112,Hibernating / lost
14808.0,39,8,2741.17,3,3,3,333,Champions
14809.0,621,2,686.76,1,1,2,112,Hibernating / lost
14810.0,40,13,2537.02,3,3,3,333,Champions
14811.0,387,1,170.5,1,1,1,111,Hibernating / lost
14812.0,598,1,185.8,1,1,1,111,Hibernating / lost
14813.0,369,4,1090.87,1,2,2,122,At risk
14814.0,581,1,160.46,1,1,1,111,Hibernating / lost
14815.0,36,2,778.5,3,1,2,312,Potential loyalists
14816.0,197,1,271.85,2,1,1,211,Others
14817.0,200,7,3959.86,2,3,3,233,Loyal customers
14818.0,73,6,1170.41,2,3,2,232,Loyal customers
14819.0,64,4,470.16,2,2,1,221,Others
14820.0,21,9,1274.76,3,3,2,332,Loyal customers
14821.0,366,7,1286.45,1,3,2,132,At risk
14822.0,485,1,157.70000000000002,1,1,1,111,Hibernating / lost
14823.0,180,3,321.43,2,2,1,221,Others
14824.0,10,10,4022.9100000000003,3,3,3,333,Champions
14825.0,3,24,4925.08,3,3,3,333,Champions
14826.0,581,2,385.2,1,1,1,111,Hibernating / lost
14828.0,196,13,9839.460000000001,2,3,3,233,Loyal customers
14829.0,29,7,1692.84,3,3,3,333,Champions
14830.0,53,1,197.13,2,1,1,211,Others
14831.0,680,3,1676.57,1,2,3,123,At risk
14832.0,630,1,322.69,1,1,1,111,Hibernating / lost
14833.0,498,1,94.8,1,1,1,111,Hibernating / lost
14834.0,17,7,2206.16,3,3,3,333,Champions
14835.0,528,2,297.0,1,1,1,111,Hibernating / lost
14836.0,10,3,102.44999999999999,3,2,1,321,Potential loyalists
14837.0,89,9,3460.32,2,3,3,233,Loyal customers
14838.0,423,2,773.6700000000001,1,1,2,112,Hibernating / lost
14839.0,418,3,915.28,1,2,2,122,At risk
14840.0,267,2,362.71,1,1,1,111,Hibernating / lost
14841.0,53,14,7163.0,2,3,3,233,Loyal customers
14842.0,43,4,2824.69,2,2,3,223,Others
14843.0,436,1,211.79999999999998,1,1,1,111,Hibernating / lost
14844.0,63,10,6702.43,2,3,3,233,Loyal customers
14845.0,599,1,150.0,1,1,1,111,Hibernating / lost
14846.0,427,1,437.4,1,1,1,111,Hibernating / lost
14847.0,148,3,1348.95,2,2,2,222,Others
14848.0,404,1,310.56,1,1,1,111,Hibernating / lost
14849.0,21,43,15763.45,3,3,3,333,Champions
14850.0,311,7,1794.01,1,3,3,133,At risk
14851.0,23,3,829.4100000000001,3,2,2,322,Potential loyalists
14852.0,58,18,6147.18,2,3,3,233,Loyal customers
14853.0,24,5,1376.87,3,2,2,322,Potential loyalists
14854.0,78,11,4322.86,2,3,3,233,Loyal customers
14855.0,119,7,6520.3,2,3,3,233,Loyal customers
14856.0,36,3,1311.3799999999999,3,2,2,322,Potential loyalists
14857.0,59,7,3651.851,2,3,3,233,Loyal customers
14858.0,505,1,180.75,1,1,1,111,Hibernating / lost
14859.0,12,5,1705.64,3,2,3,323,Potential loyalists
14860.0,19,1,170.32,3,1,1,311,New customers
14861.0,52,10,1380.73,2,3,2,232,Loyal customers
14862.0,25,2,841.1999999999999,3,1,2,312,Potential loyalists
14863.0,29,1,266.76,3,1,1,311,New customers
14865.0,7,4,129.72,3,2,1,321,Potential loyalists
14866.0,10,19,20850.22,3,3,3,333,Champions
14867.0,185,16,2952.06,2,3,3,233,Loyal customers
14868.0,3,12,4184.01,3,3,3,333,Champions
14869.0,8,6,2804.24,3,3,3,333,Champions
14870.0,261,6,1838.95,2,3,3,233,Loyal customers
14871.0,3,9,1258.97,3,3,2,332,Loyal customers
14872.0,483,3,816.6,1,2,2,122,At risk
14873.0,210,2,854.13,2,1,2,212,Others
14874.0,535,1,116.18,1,1,1,111,Hibernating / lost
14875.0,107,3,2862.4,2,2,3,223,Others
14876.0,521,2,256.7,1,1,1,111,Hibernating / lost
14877.0,418,2,437.0,1,1,1,111,Hibernating / lost
14878.0,12,25,4105.24,3,3,3,333,Champions
14879.0,684,1,185.06,1,1,1,111,Hibernating / lost
14880.0,77,3,706.19,2,2,2,222,Others
14881.0,19,1,255.4,3,1,1,311,New customers
14882.0,26,14,3628.15,3,3,3,333,Champions
14883.0,18,6,761.59,3,3,2,332,Loyal customers
14884.0,669,1,120.6,1,1,1,111,Hibernating / lost
14885.0,131,3,1598.12,2,2,2,222,Others
14886.0,252,1,364.8,2,1,1,211,Others
14887.0,79,1,1862.0,2,1,3,213,Others
14888.0,207,1,369.2,2,1,1,211,Others
14889.0,336,1,135.9,1,1,1,111,Hibernating / lost
14890.0,253,3,817.25,2,2,2,222,Others
14891.0,148,4,1106.73,2,2,2,222,Others
14892.0,690,1,202.35000000000002,1,1,1,111,Hibernating / lost
14893.0,9,3,1809.6100000000001,3,2,3,323,Potential loyalists
14894.0,85,3,1492.81,2,2,2,222,Others
14895.0,7,38,25119.54,3,3,3,333,Champions
14896.0,204,8,2092.42,2,3,3,233,Loyal customers
14897.0,7,8,3140.54,3,3,3,333,Champions
14898.0,23,14,3507.81,3,3,3,333,Champions
14899.0,395,1,1384.88,1,1,2,112,Hibernating / lost
14900.0,522,1,13.919999999999998,1,1,1,111,Hibernating / lost
14901.0,11,12,2289.65,3,3,3,333,Champions
14902.0,25,3,1035.6200000000001,3,2,2,322,Potential loyalists
14903.0,21,5,2810.63,3,2,3,323,Potential loyalists
14904.0,2,4,1640.64,3,2,3,323,Potential loyalists
14905.0,157,8,1971.39,2,3,3,233,Loyal customers
14906.0,445,1,68.44,1,1,1,111,Hibernating / lost
14907.0,3,16,6165.79,3,3,3,333,Champions
14908.0,74,2,381.9,2,1,1,211,Others
14909.0,437,3,1404.68,1,2,2,122,At risk
14910.0,2,4,434.35,3,2,1,321,Potential loyalists
14911.0,1,398,295972.63,3,3,3,333,Champions
14912.0,16,6,1889.25,3,3,3,333,Champions
14913.0,35,8,4073.13,3,3,3,333,Champions
14915.0,91,11,1811.25,2,3,3,233,Loyal customers
14916.0,70,8,3042.95,2,3,3,233,Loyal customers
14917.0,596,2,1123.75,1,1,2,112,Hibernating / lost
14918.0,115,9,5955.81,2,3,3,233,Loyal customers
14919.0,539,1,359.35,1,1,1,111,Hibernating / lost
14920.0,212,3,1607.17,2,2,2,222,Others
14921.0,30,2,1316.07,3,1,2,312,Potential loyalists
14922.0,393,2,843.74,1,1,2,112,Hibernating / lost
14923.0,50,1,749.1,2,1,2,212,Others
14924.0,245,3,931.01,2,2,2,222,Others
14926.0,381,2,359.4,1,1,1,111,Hibernating / lost
14927.0,396,1,308.2,1,1,1,111,Hibernating / lost
14928.0,627,1,223.91000000000003,1,1,1,111,Hibernating / lost
14929.0,32,2,836.69,3,1,2,312,Potential loyalists
14930.0,108,6,5246.63,2,3,3,233,Loyal customers
14931.0,4,5,1257.68,3,2,2,322,Potential loyalists
14932.0,365,2,1029.66,1,1,2,112,Hibernating / lost
14933.0,443,4,1770.0,1,2,3,123,At risk
14934.0,81,5,3503.5,2,2,3,223,Others
14935.0,297,2,2849.83,1,1,3,113,Hibernating / lost
14936.0,33,12,12410.81,3,3,3,333,Champions
14937.0,56,3,1621.88,2,2,3,223,Others
14938.0,562,2,2322.43,1,1,3,113,Hibernating / lost
14940.0,417,2,531.49,1,1,2,112,Hibernating / lost
14941.0,578,1,182.1,1,1,1,111,Hibernating / lost
14942.0,401,4,746.56,1,2,2,122,At risk
14943.0,663,1,107.62,1,1,1,111,Hibernating / lost
14944.0,29,19,9784.67,3,3,3,333,Champions
14945.0,413,1,179.4,1,1,1,111,Hibernating / lost
14946.0,14,1,100.9,3,1,1,311,New customers
14947.0,72,6,1049.79,2,3,2,232,Loyal customers
14948.0,23,6,1101.97,3,3,2,332,Loyal customers
14949.0,469,4,515.0,1,2,2,122,At risk
14950.0,19,1,371.2,3,1,1,311,New customers
14951.0,79,1,311.69,2,1,1,211,Others
14952.0,59,32,17629.35,2,3,3,233,Loyal customers
14953.0,25,4,1013.77,3,2,2,322,Potential loyalists
14954.0,12,2,503.44,3,1,2,312,Potential loyalists
14955.0,732,1,163.77,1,1,1,111,Hibernating / lost
14956.0,421,1,1325.0,1,1,2,112,Hibernating / lost
14957.0,253,2,333.29,2,1,1,211,Others
14958.0,147,6,957.9399999999999,2,3,2,232,Loyal customers
14959.0,64,4,695.42,2,2,2,222,Others
14960.0,8,2,221.27,3,1,1,311,New customers
14961.0,10,22,16410.15,3,3,3,333,Champions
14962.0,270,4,366.91,1,2,1,121,At risk
14963.0,9,12,3164.48,3,3,3,333,Champions
14964.0,247,1,206.21,2,1,1,211,Others
14965.0,96,2,599.0,2,1,2,212,Others
14966.0,14,6,1115.8400000000001,3,3,2,332,Loyal customers
14967.0,49,6,1982.6100000000001,2,3,3,233,Loyal customers
14968.0,30,2,504.99,3,1,2,312,Potential loyalists
14969.0,703,1,906.23,1,1,2,112,Hibernating / lost
14970.0,68,12,4919.35,2,3,3,233,Loyal customers
14971.0,35,3,1116.57,3,2,2,322,Potential loyalists
14972.0,128,2,145.07,2,1,1,211,Others
14973.0,107,3,1314.45,2,2,2,222,Others
14974.0,37,1,114.39,3,1,1,311,New customers
14975.0,57,2,472.39,2,1,2,212,Others
14976.0,57,7,790.86,2,3,2,232,Loyal customers
14977.0,725,1,31.929999999999996,1,1,1,111,Hibernating / lost
14978.0,72,10,3142.14,2,3,3,233,Loyal customers
14979.0,735,1,439.46,1,1,1,111,Hibernating / lost
14980.0,737,1,150.68,1,1,1,111,Hibernating / lost
14981.0,246,2,372.92,2,1,1,211,Others
14982.0,572,1,237.78,1,1,1,111,Hibernating / lost
14983.0,689,1,183.20000000000002,1,1,1,111,Hibernating / lost
14984.0,19,6,1271.41,3,3,2,332,Loyal customers
14985.0,198,2,296.75,2,1,1,211,Others
14986.0,376,2,566.9,1,1,2,112,Hibernating / lost
14987.0,15,8,1713.85,3,3,3,333,Champions
14988.0,211,7,2066.6,2,3,3,233,Loyal customers
14989.0,661,1,342.4,1,1,1,111,Hibernating / lost
14990.0,612,2,305.42,1,1,1,111,Hibernating / lost
14991.0,430,1,314.67,1,1,1,111,Hibernating / lost
14992.0,442,1,210.5,1,1,1,111,Hibernating / lost
14993.0,563,1,36.13,1,1,1,111,Hibernating / lost
14994.0,382,5,960.63,1,2,2,122,At risk
14995.0,38,2,233.23000000000002,3,1,1,311,New customers
14996.0,481,2,442.28999999999996,1,1,1,111,Hibernating / lost
14997.0,46,4,776.5999999999999,2,2,2,222,Others
14998.0,170,4,770.73,2,2,2,222,Others
14999.0,592,1,129.48000000000002,1,1,1,111,Hibernating / lost
15000.0,47,1,490.52,2,1,2,212,Others
15001.0,394,2,230.85999999999999,1,1,1,111,Hibernating / lost
15002.0,115,9,4817.28,2,3,3,233,Loyal customers
15003.0,473,6,1060.7,1,3,2,132,At risk
15004.0,147,1,1246.32,2,1,2,212,Others
15005.0,15,56,14106.2,3,3,3,333,Champions
15006.0,51,2,825.14,2,1,2,212,Others
15007.0,159,1,156.91,2,1,1,211,Others
15008.0,480,2,360.0,1,1,1,111,Hibernating / lost
15009.0,12,3,1261.78,3,2,2,322,Potential loyalists
15010.0,35,1,308.94,3,1,1,311,New customers
15011.0,395,2,416.6,1,1,1,111,Hibernating / lost
15012.0,53,3,860.62,2,2,2,222,Others
15013.0,487,10,1641.3,1,3,3,133,At risk
15014.0,43,2,260.17,2,1,1,211,Others
15015.0,501,13,2365.02,1,3,3,133,At risk
15016.0,172,5,630.3,2,2,2,222,Others
15017.0,33,1,125.58,3,1,1,311,New customers
15018.0,38,3,607.46,3,2,2,322,Potential loyalists
15019.0,266,1,266.0,1,1,1,111,Hibernating / lost
15020.0,379,1,203.42,1,1,1,111,Hibernating / lost
15021.0,8,12,2783.83,3,3,3,333,Champions
15022.0,11,5,1186.09,3,2,2,322,Potential loyalists
15023.0,3,20,12170.68,3,3,3,333,Champions
15024.0,9,16,4075.51,3,3,3,333,Champions
15025.0,33,2,1013.09,3,1,2,312,Potential loyalists
15026.0,80,5,1061.61,2,2,2,222,Others
15027.0,30,10,3195.6,3,3,3,333,Champions
15028.0,8,6,1157.71,3,3,2,332,Loyal customers
15029.0,619,1,365.1,1,1,1,111,Hibernating / lost
15030.0,71,8,1979.91,2,3,3,233,Loyal customers
15031.0,4,14,3156.58,3,3,3,333,Champions
15032.0,256,8,13780.65,2,3,3,233,Loyal customers
15033.0,4,10,2586.67,3,3,3,333,Champions
15034.0,15,14,8313.4,3,3,3,333,Champions
15035.0,89,1,252.73000000000002,2,1,1,211,Others
15036.0,72,3,465.55,2,2,1,221,Others
15037.0,376,2,402.51,1,1,1,111,Hibernating / lost
15038.0,58,9,1309.86,2,3,2,232,Loyal customers
15039.0,9,93,40031.43,3,3,3,333,Champions
15040.0,541,1,7.49,1,1,1,111,Hibernating / lost
15041.0,170,2,294.02,2,1,1,211,Others
15042.0,199,2,315.45,2,1,1,211,Others
15043.0,31,6,2873.7999999999997,3,3,3,333,Champions
15044.0,19,35,16204.33,3,3,3,333,Champions
15045.0,151,2,735.66,2,1,2,212,Others
15046.0,9,25,7812.389999999999,3,3,3,333,Champions
15047.0,269,1,343.62,1,1,1,111,Hibernating / lost
15048.0,65,4,482.75,2,2,2,222,Others
15049.0,273,1,121.17000000000002,1,1,1,111,Hibernating / lost
15050.0,25,5,4193.79,3,2,3,323,Potential loyalists
15051.0,23,9,3935.16,3,3,3,333,Champions
15052.0,319,1,215.78,1,1,1,111,Hibernating / lost
15053.0,4,3,697.79,3,2,2,322,Potential loyalists
15054.0,12,2,302.1,3,1,1,311,New customers
15055.0,474,3,560.07,1,2,2,122,At risk
15056.0,520,1,133.45,1,1,1,111,Hibernating / lost
15057.0,275,5,3255.96,1,2,3,123,At risk
15058.0,25,16,3410.03,3,3,3,333,Champions
15059.0,40,19,3523.57,3,3,3,333,Champions
15060.0,8,4,303.09,3,2,1,321,Potential loyalists
15061.0,3,127,137818.52,3,3,3,333,Champions
15062.0,71,8,2585.62,2,3,3,233,Loyal customers
15063.0,213,1,370.79999999999995,2,1,1,211,Others
15064.0,410,4,1254.41,1,2,2,122,At risk
15065.0,37,5,3326.86,3,2,3,323,Potential loyalists
15066.0,53,1,893.59,2,1,2,212,Others
15067.0,78,5,3877.88,2,2,3,223,Others
15068.0,46,4,1176.85,2,2,2,222,Others
15069.0,179,1,1109.53,2,1,2,212,Others
15070.0,372,3,843.25,1,2,2,122,At risk
15071.0,93,4,1455.56,2,2,2,222,Others
15072.0,479,1,187.51999999999998,1,1,1,111,Hibernating / lost
15073.0,9,8,2788.02,3,3,3,333,Champions
15074.0,105,3,1566.33,2,2,2,222,Others
15075.0,77,1,773.03,2,1,2,212,Others
15076.0,172,3,1447.74,2,2,2,222,Others
15077.0,494,2,2428.08,1,1,3,113,Hibernating / lost
15078.0,7,53,17761.88,3,3,3,333,Champions
15079.0,212,11,3767.35,2,3,3,233,Loyal customers
15080.0,427,2,546.25,1,1,2,112,Hibernating / lost
15081.0,22,12,1965.72,3,3,3,333,Champions
15082.0,668,1,93.35000000000001,1,1,1,111,Hibernating / lost
15083.0,256,1,88.2,2,1,1,211,Others
15084.0,379,2,965.2,1,1,2,112,Hibernating / lost
15085.0,729,1,347.54,1,1,1,111,Hibernating / lost
15086.0,564,2,218.53,1,1,1,111,Hibernating / lost
15087.0,281,1,306.94,1,1,1,111,Hibernating / lost
15088.0,21,2,1160.07,3,1,2,312,Potential loyalists
15089.0,10,6,2420.84,3,3,3,333,Champions
15090.0,308,1,381.32,1,1,1,111,Hibernating / lost
15091.0,67,3,1046.6100000000001,2,2,2,222,Others
15092.0,215,3,776.46,2,2,2,222,Others
15093.0,18,23,14326.11,3,3,3,333,Champions
15094.0,463,2,83.0,1,1,1,111,Hibernating / lost
15095.0,103,10,3141.64,2,3,3,233,Loyal customers
15096.0,42,1,219.39000000000001,2,1,1,211,Others
15097.0,4,3,908.35,3,2,2,322,Potential loyalists
15098.0,182,3,39916.5,2,2,3,223,Others
15099.0,84,1,410.48,2,1,1,211,Others
15100.0,333,7,2894.7,1,3,3,133,At risk
15101.0,8,6,1477.94,3,3,2,332,Loyal customers
15102.0,530,2,554.67,1,1,2,112,Hibernating / lost
15103.0,31,2,703.36,3,1,2,312,Potential loyalists
15104.0,196,2,1027.44,2,1,2,212,Others
15105.0,18,9,3094.91,3,3,3,333,Champions
15106.0,17,5,1422.52,3,2,2,322,Potential loyalists
15107.0,311,9,940.35,1,3,2,132,At risk
15108.0,141,4,1300.25,2,2,2,222,Others
15109.0,245,3,983.1,2,2,2,222,Others
15110.0,23,6,1505.8500000000001,3,3,2,332,Loyal customers
15111.0,29,5,2730.87,3,2,3,323,Potential loyalists
15112.0,611,1,209.4,1,1,1,111,Hibernating / lost
15113.0,9,3,3609.33,3,2,3,323,Potential loyalists
15114.0,30,12,3400.12,3,3,3,333,Champions
15115.0,18,2,531.85,3,1,2,312,Potential loyalists
15116.0,17,4,1352.75,3,2,2,322,Potential loyalists
15117.0,14,8,2485.9700000000003,3,3,3,333,Champions
15118.0,134,1,244.8,2,1,1,211,Others
15119.0,245,1,266.4,2,1,1,211,Others
15120.0,133,1,358.82,2,1,1,211,Others
15121.0,50,2,457.72,2,1,1,211,Others
15122.0,114,11,4497.47,2,3,3,233,Loyal customers
15123.0,7,5,4656.17,3,2,3,323,Potential loyalists
15124.0,22,4,450.82,3,2,1,321,Potential loyalists
15125.0,25,24,17024.87,3,3,3,333,Champions
15126.0,536,2,449.49,1,1,1,111,Hibernating / lost
15127.0,65,2,711.5,2,1,2,212,Others
15128.0,60,5,1783.68,2,2,3,223,Others
15129.0,50,23,6860.18,2,3,3,233,Loyal customers
15130.0,169,1,330.11,2,1,1,211,Others
15131.0,394,1,80.28,1,1,1,111,Hibernating / lost
15132.0,18,5,977.9300000000001,3,2,2,322,Potential loyalists
15133.0,127,5,1806.9,2,2,3,223,Others
15134.0,14,10,1596.29,3,3,2,332,Loyal customers
15135.0,239,2,305.68,2,1,1,211,Others
15136.0,2,4,1286.7,3,2,2,322,Potential loyalists
15137.0,520,2,823.4,1,1,2,112,Hibernating / lost
15138.0,393,1,502.52,1,1,2,112,Hibernating / lost
15139.0,239,2,178.96,2,1,1,211,Others
15140.0,52,8,3243.69,2,3,3,233,Loyal customers
15141.0,457,7,1388.47,1,3,2,132,At risk
15142.0,46,6,2619.92,2,3,3,233,Loyal customers
15143.0,225,2,563.63,2,1,2,212,Others
15144.0,8,29,12160.31,3,3,3,333,Champions
15145.0,4,4,1194.73,3,2,2,322,Potential loyalists
15146.0,164,2,1327.16,2,1,2,212,Others
15147.0,240,1,623.5,2,1,2,212,Others
15148.0,10,1,301.29,3,1,1,311,New customers
15149.0,133,5,1554.6100000000001,2,2,2,222,Others
15150.0,17,13,9001.08,3,3,3,333,Champions
15151.0,423,2,2085.61,1,1,3,113,Hibernating / lost
15152.0,9,14,5263.83,3,3,3,333,Champions
15153.0,31,1,329.25,3,1,1,311,New customers
15154.0,75,3,1388.41,2,2,2,222,Others
15155.0,383,1,383.96999999999997,1,1,1,111,Hibernating / lost
15156.0,1,3,961.49,3,2,2,322,Potential loyalists
15157.0,3,5,2654.11,3,2,3,323,Potential loyalists
15158.0,45,2,606.02,2,1,2,212,Others
15159.0,1,34,22116.73,3,3,3,333,Champions
15160.0,357,4,589.27,1,2,2,122,At risk
15161.0,388,1,119.92,1,1,1,111,Hibernating / lost
15162.0,731,1,312.9,1,1,1,111,Hibernating / lost
15163.0,18,2,304.47,3,1,1,311,New customers
15164.0,68,9,2068.92,2,3,3,233,Loyal customers
15165.0,373,1,975.5,1,1,2,112,Hibernating / lost
15166.0,467,1,167.16,1,1,1,111,Hibernating / lost
15167.0,320,5,1659.67,1,2,3,123,At risk
15168.0,25,1,106.56,3,1,1,311,New customers
15169.0,382,2,569.22,1,1,2,112,Hibernating / lost
15170.0,406,1,81.15,1,1,1,111,Hibernating / lost
15171.0,331,1,1289.5,1,1,2,112,Hibernating / lost
15172.0,8,5,1624.05,3,2,3,323,Potential loyalists
15173.0,380,7,1494.6,1,3,2,132,At risk
15174.0,322,2,481.46,1,1,2,112,Hibernating / lost
15175.0,71,1,224.14,2,1,1,211,Others
15176.0,667,1,988.04,1,1,2,112,Hibernating / lost
15177.0,425,1,948.93,1,1,2,112,Hibernating / lost
15178.0,260,1,40.5,2,1,1,211,Others
15179.0,18,13,7491.92,3,3,3,333,Champions
15180.0,367,3,904.4300000000001,1,2,2,122,At risk
15181.0,66,5,1200.2,2,2,2,222,Others
15182.0,154,11,2998.952,2,3,3,233,Loyal customers
15183.0,547,3,639.93,1,2,2,122,At risk
15184.0,29,4,689.95,3,2,2,322,Potential loyalists
15185.0,70,1,310.62,2,1,1,211,Others
15186.0,14,5,1403.2,3,2,2,322,Potential loyalists
15187.0,1,16,4777.18,3,3,3,333,Champions
15188.0,725,1,310.43,1,1,1,111,Hibernating / lost
15189.0,1,46,17524.38,3,3,3,333,Champions
15190.0,434,1,834.4399999999999,1,1,2,112,Hibernating / lost
15191.0,463,3,588.05,1,2,2,122,At risk
15192.0,119,5,1981.39,2,2,3,223,Others
15193.0,60,1,499.32,2,1,2,212,Others
15194.0,3,28,12427.69,3,3,3,333,Champions
15195.0,2,1,3861.0,3,1,3,313,Potential loyalists
15196.0,432,2,316.25,1,1,1,111,Hibernating / lost
15197.0,10,6,1877.51,3,3,3,333,Champions
15198.0,92,5,571.35,2,2,2,222,Others
15199.0,59,10,3122.4,2,3,3,233,Loyal customers
15200.0,494,1,549.05,1,1,2,112,Hibernating / lost
15201.0,87,7,1842.95,2,3,3,233,Loyal customers
15202.0,420,3,6001.49,1,2,3,123,At risk
15203.0,25,15,4400.18,3,3,3,333,Champions
15204.0,357,1,316.58,1,1,1,111,Hibernating / lost
15205.0,85,2,653.24,2,1,2,212,Others
15206.0,10,4,420.29999999999995,3,2,1,321,Potential loyalists
15207.0,416,3,683.9200000000001,1,2,2,122,At risk
15208.0,1,6,970.52,3,3,2,332,Loyal customers
15209.0,730,1,178.98000000000002,1,1,1,111,Hibernating / lost
15210.0,225,3,1176.19,2,2,2,222,Others
15211.0,60,2,1277.48,2,1,2,212,Others
15212.0,241,2,208.28,2,1,1,211,Others
15213.0,318,2,328.35,1,1,1,111,Hibernating / lost
15214.0,1,8,1661.44,3,3,3,333,Champions
15215.0,46,7,2422.43,2,3,3,233,Loyal customers
15216.0,87,2,486.09,2,1,2,212,Others
15217.0,563,1,426.24,1,1,1,111,Hibernating / lost
15218.0,10,22,11516.57,3,3,3,333,Champions
15219.0,176,2,685.45,2,1,2,212,Others
15220.0,51,6,1778.96,2,3,3,233,Loyal customers
15221.0,366,4,2465.4500000000003,1,2,3,123,At risk
15222.0,318,11,3550.91,1,3,3,133,At risk
15223.0,225,5,1417.95,2,2,2,222,Others
15224.0,358,5,871.36,1,2,2,122,At risk
15225.0,234,1,409.40000000000003,2,1,1,211,Others
15226.0,310,1,154.41,1,1,1,111,Hibernating / lost
15227.0,36,9,2488.4900000000002,3,3,3,333,Champions
15228.0,66,6,5580.2699999999995,2,3,3,233,Loyal customers
15229.0,586,1,160.5,1,1,1,111,Hibernating / lost
15230.0,239,2,429.6,2,1,1,211,Others
15231.0,621,1,250.26,1,1,1,111,Hibernating / lost
15232.0,113,2,612.06,2,1,2,212,Others
15233.0,401,1,59.400000000000006,1,1,1,111,Hibernating / lost
15234.0,276,1,197.0,1,1,1,111,Hibernating / lost
15235.0,217,16,2937.81,2,3,3,233,Loyal customers
15236.0,298,1,321.05,1,1,1,111,Hibernating / lost
15237.0,1,4,1412.32,3,2,2,322,Potential loyalists
15238.0,29,3,1071.99,3,2,2,322,Potential loyalists
15239.0,10,2,780.59,3,1,2,312,Potential loyalists
15240.0,44,12,4459.98,2,3,3,233,Loyal customers
15241.0,66,11,3050.16,2,3,3,233,Loyal customers
15242.0,422,1,302.04,1,1,1,111,Hibernating / lost
15243.0,74,2,927.2800000000001,2,1,2,212,Others
15244.0,65,3,912.08,2,2,2,222,Others
15245.0,134,8,4610.84,2,3,3,233,Loyal customers
15246.0,238,3,780.4,2,2,2,222,Others
15247.0,122,3,976.06,2,2,2,222,Others
15248.0,411,3,1893.93,1,2,3,123,At risk
15249.0,31,18,9266.0,3,3,3,333,Champions
15250.0,640,1,60.0,1,1,1,111,Hibernating / lost
15251.0,9,21,20324.54,3,3,3,333,Champions
15252.0,36,5,2103.41,3,2,3,323,Potential loyalists
15253.0,16,8,2055.09,3,3,3,333,Champions
15254.0,127,3,1088.35,2,2,2,222,Others
15255.0,66,9,3729.42,2,3,3,233,Loyal customers
15256.0,148,2,170.4,2,1,1,211,Others
15257.0,283,2,685.9,1,1,2,112,Hibernating / lost
15258.0,168,2,623.16,2,1,2,212,Others
15259.0,512,4,1182.3799999999999,1,2,2,122,At risk
15260.0,100,25,9188.23,2,3,3,233,Loyal customers
15261.0,135,4,1508.0,2,2,2,222,Others
15262.0,323,3,418.82,1,2,1,121,At risk
15263.0,106,1,156.51,2,1,1,211,Others
15264.0,64,2,848.4,2,1,2,212,Others
15265.0,151,4,3345.64,2,2,3,223,Others
15266.0,338,5,852.21,1,2,2,122,At risk
15267.0,22,5,1717.36,3,2,3,323,Potential loyalists
15268.0,478,3,961.9000000000001,1,2,2,122,At risk
15269.0,23,3,1225.3600000000001,3,2,2,322,Potential loyalists
15270.0,15,21,8524.86,3,3,3,333,Champions
15271.0,7,24,4709.54,3,3,3,333,Champions
15272.0,57,6,2085.48,2,3,3,233,Loyal customers
15273.0,599,1,228.96,1,1,1,111,Hibernating / lost
15274.0,4,2,716.57,3,1,2,312,Potential loyalists
15275.0,37,1,615.14,3,1,2,312,Potential loyalists
15276.0,66,4,649.53,2,2,2,222,Others
15277.0,46,2,476.34,2,1,2,212,Others
15278.0,561,4,496.15999999999997,1,2,2,122,At risk
15279.0,354,5,1580.54,1,2,2,122,At risk
15280.0,172,3,406.21999999999997,2,2,1,221,Others
15281.0,58,16,8543.57,2,3,3,233,Loyal customers
15282.0,570,1,348.59,1,1,1,111,Hibernating / lost
15283.0,390,3,148.33,1,2,1,121,At risk
15284.0,500,1,24.75,1,1,1,111,Hibernating / lost
15285.0,407,1,94.92,1,1,1,111,Hibernating / lost
15286.0,49,1,240.55,2,1,1,211,Others
15287.0,22,5,856.03,3,2,2,322,Potential loyalists
15288.0,43,10,3883.13,2,3,3,233,Loyal customers
15289.0,29,5,1593.09,3,2,2,322,Potential loyalists
15290.0,4,26,10496.28,3,3,3,333,Champions
15291.0,25,40,13846.56,3,3,3,333,Champions
15292.0,201,1,180.94,2,1,1,211,Others
15293.0,665,1,247.5,1,1,1,111,Hibernating / lost
15294.0,410,1,233.35,1,1,1,111,Hibernating / lost
15295.0,654,1,217.23999999999998,1,1,1,111,Hibernating / lost
15296.0,50,12,10342.83,2,3,3,233,Loyal customers
15297.0,10,3,641.94,3,2,2,322,Potential loyalists
15298.0,2,23,9459.37,3,3,3,333,Champions
15299.0,67,10,7991.54,2,3,3,233,Loyal customers
15300.0,64,1,496.44,2,1,2,212,Others
15301.0,50,17,7603.4400000000005,2,3,3,233,Loyal customers
15302.0,730,1,308.0,1,1,1,111,Hibernating / lost
15303.0,290,3,1224.18,1,2,2,122,At risk
15304.0,60,9,919.5500000000001,2,3,2,232,Loyal customers
15305.0,555,1,93.6,1,1,1,111,Hibernating / lost
15306.0,64,9,3484.73,2,3,3,233,Loyal customers
15307.0,95,1,205.3,2,1,1,211,Others
15308.0,274,1,310.47,1,1,1,111,Hibernating / lost
15309.0,610,4,797.96,1,2,2,122,At risk
15310.0,478,1,1634.64,1,1,3,113,Hibernating / lost
15311.0,0,208,116771.16,3,3,3,333,Champions
15312.0,75,12,2930.19,2,3,3,233,Loyal customers
15313.0,110,1,52.0,2,1,1,211,Others
15314.0,199,3,820.4499999999999,2,2,2,222,Others
15315.0,64,2,570.5,2,1,2,212,Others
15316.0,326,1,165.0,1,1,1,111,Hibernating / lost
15317.0,677,1,129.75,1,1,1,111,Hibernating / lost
15318.0,3,1,312.62,3,1,1,311,New customers
15319.0,283,1,204.5,1,1,1,111,Hibernating / lost
15320.0,44,1,267.13,2,1,1,211,Others
15321.0,70,12,6709.7300000000005,2,3,3,233,Loyal customers
15322.0,85,2,1390.86,2,1,2,212,Others
15323.0,562,3,434.6,1,2,1,121,At risk
15324.0,701,1,140.22000000000003,1,1,1,111,Hibernating / lost
15325.0,103,8,1602.01,2,3,2,232,Loyal customers
15326.0,333,5,1700.52,1,2,3,123,At risk
15327.0,52,1,208.75,2,1,1,211,Others
15328.0,407,1,107.24,1,1,1,111,Hibernating / lost
15329.0,39,11,2984.33,3,3,3,333,Champions
15330.0,32,2,714.96,3,1,2,312,Potential loyalists
15331.0,499,3,767.91,1,2,2,122,At risk
15332.0,366,6,6553.74,1,3,3,133,At risk
15333.0,208,1,1028.56,2,1,2,212,Others
15334.0,156,3,351.67,2,2,1,221,Others
15335.0,53,1,173.97,2,1,1,211,Others
15336.0,401,1,240.5,1,1,1,111,Hibernating / lost
15337.0,411,1,373.02,1,1,1,111,Hibernating / lost
15338.0,677,1,283.43,1,1,1,111,Hibernating / lost
15339.0,66,7,1827.84,2,3,3,233,Loyal customers
15340.0,561,1,105.5,1,1,1,111,Hibernating / lost
15341.0,80,2,2402.7200000000003,2,1,3,213,Others
15342.0,129,1,406.09,2,1,1,211,Others
15343.0,87,1,364.5,2,1,1,211,Others
15344.0,0,3,563.94,3,2,2,322,Potential loyalists
15345.0,45,1,393.54,2,1,1,211,Others
15346.0,332,3,596.12,1,2,2,122,At risk
15347.0,366,4,1363.6,1,2,2,122,At risk
15348.0,72,1,158.04,2,1,1,211,Others
15349.0,158,2,473.81,2,1,2,212,Others
15350.0,373,2,663.25,1,1,2,112,Hibernating / lost
15351.0,12,10,3738.29,3,3,3,333,Champions
15352.0,548,1,114.95,1,1,1,111,Hibernating / lost
15353.0,254,7,3175.95,2,3,3,233,Loyal customers
15354.0,603,3,284.4,1,2,1,121,At risk
15355.0,29,2,277.05,3,1,1,311,New customers
15356.0,31,13,3464.95,3,3,3,333,Champions
15358.0,4,42,17050.41,3,3,3,333,Champions
15359.0,662,8,181.35,1,3,1,131,At risk
15360.0,39,1,427.93,3,1,1,311,New customers
15361.0,361,4,689.07,1,2,2,122,At risk
15362.0,448,2,613.08,1,1,2,112,Hibernating / lost
15363.0,372,2,1004.11,1,1,2,112,Hibernating / lost
15364.0,95,2,913.19,2,1,2,212,Others
15365.0,25,13,4557.13,3,3,3,333,Champions
15366.0,75,7,2389.08,2,3,3,233,Loyal customers
15367.0,57,11,5081.33,2,3,3,233,Loyal customers
15368.0,21,2,722.74,3,1,2,312,Potential loyalists
15369.0,492,11,6251.26,1,3,3,133,At risk
15370.0,40,8,3739.01,3,3,3,333,Champions
15371.0,662,1,59.400000000000006,1,1,1,111,Hibernating / lost
15372.0,137,8,6017.06,2,3,3,233,Loyal customers
15373.0,8,17,3421.39,3,3,3,333,Champions
15374.0,128,2,307.32,2,1,1,211,Others
15375.0,690,1,60.959999999999994,1,1,1,111,Hibernating / lost
15376.0,40,3,1233.3600000000001,3,2,2,322,Potential loyalists
15377.0,382,4,1211.75,1,2,2,122,At risk
15378.0,462,2,246.5,1,1,1,111,Hibernating / lost
15379.0,169,8,4877.84,2,3,3,233,Loyal customers
15380.0,8,11,3479.0600000000004,3,3,3,333,Champions
15381.0,213,5,1890.5700000000002,2,2,3,223,Others
15382.0,14,12,13733.550000000001,3,3,3,333,Champions
15384.0,169,4,2027.79,2,2,3,223,Others
15385.0,40,3,942.08,3,2,2,322,Potential loyalists
15386.0,186,1,394.14,2,1,1,211,Others
15387.0,492,1,468.65,1,1,1,111,Hibernating / lost
15388.0,270,1,140.54,1,1,1,111,Hibernating / lost
15389.0,172,5,2733.8,2,2,3,223,Others
15390.0,396,2,1216.66,1,1,2,112,Hibernating / lost
15391.0,584,1,289.87,1,1,1,111,Hibernating / lost
15392.0,4,7,2911.62,3,3,3,333,Champions
15393.0,16,5,891.34,3,2,2,322,Potential loyalists
15394.0,9,11,5286.8,3,3,3,333,Champions
15395.0,325,1,107.45,1,1,1,111,Hibernating / lost
15396.0,112,2,796.38,2,1,2,212,Others
15397.0,289,1,94.0,1,1,1,111,Hibernating / lost
15398.0,16,2,1345.53,3,1,2,312,Potential loyalists
15399.0,1,3,815.77,3,2,2,322,Potential loyalists
15400.0,92,8,1302.3,2,3,2,232,Loyal customers
15401.0,452,2,216.95000000000002,1,1,1,111,Hibernating / lost
15402.0,148,6,1830.54,2,3,3,233,Loyal customers
15403.0,491,2,170.88,1,1,1,111,Hibernating / lost
15404.0,375,1,257.06,1,1,1,111,Hibernating / lost
15405.0,189,2,659.84,2,1,2,212,Others
15406.0,31,4,975.87,3,2,2,322,Potential loyalists
15407.0,33,4,1056.44,3,2,2,322,Potential loyalists
15408.0,264,1,267.18,2,1,1,211,Others
15409.0,721,1,131.25,1,1,1,111,Hibernating / lost
15410.0,84,10,4685.72,2,3,3,233,Loyal customers
15411.0,26,4,1358.88,3,2,2,322,Potential loyalists
15412.0,171,1,190.53,2,1,1,211,Others
15413.0,691,5,6798.72,1,2,3,123,At risk
15414.0,9,3,774.9000000000001,3,2,2,322,Potential loyalists
15415.0,313,1,572.8100000000001,1,1,2,112,Hibernating / lost
15416.0,64,7,4572.82,2,3,3,233,Loyal customers
15417.0,85,1,508.8,2,1,2,212,Others
15418.0,425,2,452.32,1,1,1,111,Hibernating / lost
15419.0,24,1,135.86,3,1,1,311,New customers
15420.0,434,6,743.0,1,3,2,132,At risk
15421.0,58,10,3805.34,2,3,3,233,Loyal customers
15422.0,323,7,1619.97,1,3,2,132,At risk
15423.0,38,3,266.89,3,2,1,321,Potential loyalists
15424.0,254,3,597.78,2,2,2,222,Others
15425.0,400,4,1944.57,1,2,3,123,At risk
15426.0,19,9,2615.39,3,3,3,333,Champions
15427.0,33,3,1483.14,3,2,2,322,Potential loyalists
15428.0,15,4,762.75,3,2,2,322,Potential loyalists
15429.0,26,2,397.35,3,1,1,311,New customers
15430.0,467,2,954.75,1,1,2,112,Hibernating / lost
15431.0,502,1,153.24,1,1,1,111,Hibernating / lost
15432.0,23,2,320.76,3,1,1,311,New customers
15433.0,213,2,533.3,2,1,2,212,Others
15434.0,8,11,2567.06,3,3,3,333,Champions
15435.0,22,1,149.29,3,1,1,311,New customers
15436.0,12,3,1122.53,3,2,2,322,Potential loyalists
15437.0,262,2,393.45,2,1,1,211,Others
15438.0,131,1,156.57999999999998,2,1,1,211,Others
15439.0,404,4,1269.05,1,2,2,122,At risk
15440.0,54,3,383.68,2,2,1,221,Others
15441.0,396,3,1254.21,1,2,2,122,At risk
15442.0,248,1,594.0,2,1,2,212,Others
15443.0,1,14,5175.93,3,3,3,333,Champions
15444.0,9,2,1418.26,3,1,2,312,Potential loyalists
15445.0,264,2,284.5,2,1,1,211,Others
15446.0,376,3,406.95,1,2,1,121,At risk
15447.0,330,5,492.88,1,2,2,122,At risk
15448.0,312,2,788.81,1,1,2,112,Hibernating / lost
15449.0,26,3,974.52,3,2,2,322,Potential loyalists
15450.0,30,1,429.84,3,1,1,311,New customers
15451.0,434,2,233.21,1,1,1,111,Hibernating / lost
15452.0,29,6,1799.1100000000001,3,3,3,333,Champions
15453.0,1,7,1388.37,3,3,2,332,Loyal customers
15454.0,362,2,307.69,1,1,1,111,Hibernating / lost
15455.0,597,1,38.25,1,1,1,111,Hibernating / lost
15456.0,283,10,2119.27,1,3,3,133,At risk
15457.0,262,1,237.07,2,1,1,211,Others
15458.0,25,2,370.43999999999994,3,1,1,311,New customers
15459.0,417,2,202.82999999999998,1,1,1,111,Hibernating / lost
15460.0,354,1,216.76,1,1,1,111,Hibernating / lost
15461.0,460,2,429.7,1,1,1,111,Hibernating / lost
15462.0,94,4,737.05,2,2,2,222,Others
15463.0,29,1,126.14,3,1,1,311,New customers
15464.0,338,1,1048.85,1,1,2,112,Hibernating / lost
15465.0,19,32,12655.65,3,3,3,333,Champions
15466.0,85,4,1571.01,2,2,2,222,Others
15467.0,9,3,524.88,3,2,2,322,Potential loyalists
15468.0,51,3,1430.48,2,2,2,222,Others
15469.0,50,3,874.25,2,2,2,222,Others
15470.0,575,1,63.419999999999995,1,1,1,111,Hibernating / lost
15471.0,2,3,1316.56,3,2,2,322,Potential loyalists
15472.0,113,1,371.56,2,1,1,211,Others
15473.0,14,8,2046.0,3,3,3,333,Champions
15474.0,595,1,163.1,1,1,1,111,Hibernating / lost
15475.0,77,1,454.10999999999996,2,1,1,211,Others
15476.0,380,4,2209.98,1,2,3,123,At risk
15477.0,649,1,368.4,1,1,1,111,Hibernating / lost
15478.0,40,3,2024.98,3,2,3,323,Potential loyalists
15479.0,733,1,147.4,1,1,1,111,Hibernating / lost
15480.0,116,5,6279.0,2,2,3,223,Others
15481.0,401,1,1993.34,1,1,3,113,Hibernating / lost
15482.0,15,19,14592.56,3,3,3,333,Champions
15483.0,161,10,862.2,2,3,2,232,Loyal customers
15484.0,1,6,4656.0,3,3,3,333,Champions
15485.0,30,7,5771.51,3,3,3,333,Champions
15486.0,527,1,102.0,1,1,1,111,Hibernating / lost
15487.0,679,1,231.32,1,1,1,111,Hibernating / lost
15488.0,92,5,431.92,2,2,1,221,Others
15489.0,22,8,2419.61,3,3,3,333,Champions
15490.0,430,1,217.6,1,1,1,111,Hibernating / lost
15491.0,95,6,3100.09,2,3,3,233,Loyal customers
15492.0,28,2,659.4599999999999,3,1,2,312,Potential loyalists
15493.0,32,9,4314.9800000000005,3,3,3,333,Champions
15494.0,21,5,3780.05,3,2,3,323,Potential loyalists
15495.0,379,1,246.5,1,1,1,111,Hibernating / lost
15496.0,631,1,146.14000000000001,1,1,1,111,Hibernating / lost
15497.0,17,9,8657.39,3,3,3,333,Champions
15498.0,2,44,26039.58,3,3,3,333,Champions
15499.0,723,1,161.6,1,1,1,111,Hibernating / lost
15500.0,8,4,1131.56,3,2,2,322,Potential loyalists
15501.0,404,2,402.5,1,1,1,111,Hibernating / lost
15502.0,15,14,13993.47,3,3,3,333,Champions
15503.0,362,2,267.15,1,1,1,111,Hibernating / lost
15504.0,81,4,423.85,2,2,1,221,Others
15505.0,52,5,3610.96,2,2,3,223,Others
15506.0,22,6,2040.03,3,3,3,333,Champions
15507.0,171,1,492.36,2,1,2,212,Others
15508.0,189,6,1000.27,2,3,2,232,Loyal customers
15509.0,380,1,166.51,1,1,1,111,Hibernating / lost
15510.0,330,1,250.0,1,1,1,111,Hibernating / lost
15511.0,11,5,909.23,3,2,2,322,Potential loyalists
15512.0,155,4,331.58,2,2,1,221,Others
15513.0,33,35,27750.55,3,3,3,333,Champions
15514.0,12,18,6598.55,3,3,3,333,Champions
15515.0,387,1,171.81,1,1,1,111,Hibernating / lost
15516.0,44,3,62.43,2,2,1,221,Others
15517.0,233,1,267.03,2,1,1,211,Others
15518.0,64,15,4218.94,2,3,3,233,Loyal customers
15519.0,383,2,344.61,1,1,1,111,Hibernating / lost
15520.0,1,1,343.5,3,1,1,311,New customers
15521.0,40,16,7106.69,3,3,3,333,Champions
15522.0,32,2,398.84,3,1,1,311,New customers
15523.0,84,16,17359.99,2,3,3,233,Loyal customers
15524.0,24,2,591.4,3,1,2,312,Potential loyalists
15525.0,2,4,1295.7,3,2,2,322,Potential loyalists
15526.0,33,2,148.44,3,1,1,311,New customers
15527.0,18,23,5575.64,3,3,3,333,Champions
15528.0,254,1,229.33,2,1,1,211,Others
15529.0,22,12,5111.95,3,3,3,333,Champions
15530.0,21,5,1813.72,3,2,3,323,Potential loyalists
15531.0,8,2,2007.44,3,1,3,313,Potential loyalists
15532.0,25,10,3771.9,3,3,3,333,Champions
15533.0,19,3,807.57,3,2,2,322,Potential loyalists
15534.0,725,1,162.25,1,1,1,111,Hibernating / lost
15535.0,173,6,1087.82,2,3,2,232,Loyal customers
15536.0,409,1,259.09,1,1,1,111,Hibernating / lost
15537.0,163,1,110.92,2,1,1,211,Others
15538.0,537,6,3358.3999999999996,1,3,3,133,At risk
15539.0,7,1,538.46,3,1,2,312,Potential loyalists
15540.0,11,2,460.68,3,1,1,311,New customers
15541.0,114,1,85.13000000000001,2,1,1,211,Others
15542.0,512,3,918.45,1,2,2,122,At risk
15543.0,288,2,242.84,1,1,1,111,Hibernating / lost
15544.0,9,20,8162.43,3,3,3,333,Champions
15545.0,54,2,428.05,2,1,1,211,Others
15546.0,606,2,1079.1000000000001,1,1,2,112,Hibernating / lost
15547.0,7,26,10154.39,3,3,3,333,Champions
15548.0,595,1,158.09,1,1,1,111,Hibernating / lost
15549.0,77,8,2345.96,2,3,3,233,Loyal customers
15550.0,4,12,2218.8,3,3,3,333,Champions
15551.0,36,7,1710.08,3,3,3,333,Champions
15552.0,217,2,252.52,2,1,1,211,Others
15553.0,60,1,437.23,2,1,1,211,Others
15554.0,277,1,217.2,1,1,1,111,Hibernating / lost
15555.0,12,36,12112.35,3,3,3,333,Champions
15556.0,24,1,279.77,3,1,1,311,New customers
15557.0,28,1,473.65000000000003,3,1,2,312,Potential loyalists
15558.0,639,1,214.13,1,1,1,111,Hibernating / lost
15559.0,568,1,1109.4,1,1,2,112,Hibernating / lost
15560.0,397,2,153.52,1,1,1,111,Hibernating / lost
15561.0,11,8,1934.3899999999999,3,3,3,333,Champions
15562.0,351,3,673.3800000000001,1,2,2,122,At risk
15563.0,22,7,2867.0,3,3,3,333,Champions
15564.0,463,2,70.74000000000001,1,1,1,111,Hibernating / lost
15565.0,50,2,173.16,2,1,1,211,Others
15566.0,392,2,227.87,1,1,1,111,Hibernating / lost
15567.0,18,1,186.01,3,1,1,311,New customers
15568.0,2,3,758.29,3,2,2,322,Potential loyalists
15569.0,103,10,3586.35,2,3,3,233,Loyal customers
15570.0,7,25,9311.04,3,3,3,333,Champions
15571.0,11,14,4051.63,3,3,3,333,Champions
15572.0,4,10,4068.67,3,3,3,333,Champions
15573.0,31,5,1207.18,3,2,2,322,Potential loyalists
15574.0,177,6,1518.7,2,3,2,232,Loyal customers
15575.0,619,1,30.1,1,1,1,111,Hibernating / lost
15576.0,37,1,940.6700000000001,3,1,2,312,Potential loyalists
15577.0,151,5,397.98,2,2,1,221,Others
15578.0,162,1,127.1,2,1,1,211,Others
15579.0,68,5,1302.5,2,2,2,222,Others
15580.0,376,8,1381.19,1,3,2,132,At risk
15581.0,120,38,7794.59,2,3,3,233,Loyal customers
15582.0,24,3,682.9100000000001,3,2,2,322,Potential loyalists
15583.0,376,1,107.86,1,1,1,111,Hibernating / lost
15584.0,23,6,1277.5,3,3,2,332,Loyal customers
15585.0,176,1,455.3,2,1,1,211,Others
15586.0,592,3,1139.1,1,2,2,122,At risk
15587.0,50,7,1522.0800000000002,2,3,2,232,Loyal customers
15588.0,677,1,579.6,1,1,2,112,Hibernating / lost
15589.0,255,3,478.53000000000003,2,2,2,222,Others
15590.0,382,5,1496.6,1,2,2,122,At risk
15591.0,582,3,217.9,1,2,1,121,At risk
15592.0,46,1,388.58,2,1,1,211,Others
15593.0,70,1,199.8,2,1,1,211,Others
15594.0,15,5,1771.78,3,2,3,323,Potential loyalists
15595.0,487,1,357.6,1,1,1,111,Hibernating / lost
15596.0,100,9,3130.04,2,3,3,233,Loyal customers
15597.0,35,2,563.37,3,1,2,312,Potential loyalists
15598.0,53,2,548.02,2,1,2,212,Others
15599.0,26,3,1250.06,3,2,2,322,Potential loyalists
15600.0,428,4,1199.31,1,2,2,122,At risk
15601.0,11,30,14960.12,3,3,3,333,Champions
15602.0,8,16,3230.51,3,3,3,333,Champions
15603.0,78,2,88.48,2,1,1,211,Others
15604.0,52,1,216.39,2,1,1,211,Others
15605.0,36,9,1936.8,3,3,3,333,Champions
15606.0,61,17,5230.99,2,3,3,233,Loyal customers
15607.0,336,9,1708.97,1,3,3,133,At risk
15608.0,28,5,1785.98,3,2,3,323,Potential loyalists
15609.0,184,1,298.48,2,1,1,211,Others
15610.0,51,1,112.46000000000001,2,1,1,211,Others
15611.0,9,26,2997.28,3,3,3,333,Champions
15612.0,36,2,195.15,3,1,1,311,New customers
15613.0,610,1,433.71999999999997,1,1,1,111,Hibernating / lost
15614.0,437,4,3147.36,1,2,3,123,At risk
15615.0,10,47,21373.97,3,3,3,333,Champions
15616.0,438,1,317.11,1,1,1,111,Hibernating / lost
15617.0,396,3,828.5500000000001,1,2,2,122,At risk
15618.0,32,4,776.851,3,2,2,322,Potential loyalists
15619.0,10,1,336.40000000000003,3,1,1,311,New customers
15620.0,56,4,1942.36,2,2,3,223,Others
15621.0,4,4,1293.03,3,2,2,322,Potential loyalists
15622.0,43,17,7852.61,2,3,3,233,Loyal customers
15623.0,141,8,2437.05,2,3,3,233,Loyal customers
15624.0,116,4,588.13,2,2,2,222,Others
15625.0,103,9,3236.4,2,3,3,233,Loyal customers
15626.0,74,3,1067.52,2,2,2,222,Others
15627.0,457,2,566.9,1,1,2,112,Hibernating / lost
15628.0,4,17,5652.26,3,3,3,333,Champions
15629.0,450,4,2240.9,1,2,3,123,At risk
15630.0,45,3,1481.4,2,2,2,222,Others
15631.0,642,1,596.67,1,1,2,112,Hibernating / lost
15632.0,15,8,3285.31,3,3,3,333,Champions
15633.0,509,13,4352.46,1,3,3,133,At risk
15634.0,17,2,554.65,3,1,2,312,Potential loyalists
15635.0,395,1,100.35,1,1,1,111,Hibernating / lost
15636.0,89,4,1444.58,2,2,2,222,Others
15637.0,52,5,797.59,2,2,2,222,Others
15638.0,378,6,2265.2,1,3,3,133,At risk
15639.0,134,3,1065.08,2,2,2,222,Others
15640.0,4,29,23957.58,3,3,3,333,Champions
15641.0,105,12,5345.55,2,3,3,233,Loyal customers
15642.0,729,1,105.78000000000002,1,1,1,111,Hibernating / lost
15643.0,191,3,664.0,2,2,2,222,Others
15644.0,166,4,813.0,2,2,2,222,Others
15645.0,18,3,1055.17,3,2,2,322,Potential loyalists
15646.0,157,5,974.61,2,2,2,222,Others
15647.0,415,1,169.0,1,1,1,111,Hibernating / lost
15648.0,204,2,657.35,2,1,2,212,Others
15649.0,336,4,2170.35,1,2,3,123,At risk
15650.0,521,2,553.88,1,1,2,112,Hibernating / lost
15651.0,36,5,1259.06,3,2,2,322,Potential loyalists
15652.0,91,5,1420.34,2,2,2,222,Others
15653.0,92,2,877.4399999999999,2,1,2,212,Others
15654.0,9,2,922.53,3,1,2,312,Potential loyalists
15655.0,243,1,560.67,2,1,2,212,Others
15656.0,45,4,748.5,2,2,2,222,Others
15657.0,22,1,30.0,3,1,1,311,New customers
15658.0,190,8,2423.4700000000003,2,3,3,233,Loyal customers
15659.0,43,3,532.49,2,2,2,222,Others
15660.0,25,15,2812.99,3,3,3,333,Champions
15661.0,317,8,1215.95,1,3,2,132,At risk
15662.0,661,2,283.73,1,1,1,111,Hibernating / lost
15663.0,106,1,138.14,2,1,1,211,Others
15664.0,50,4,1254.03,2,2,2,222,Others
15665.0,168,5,4015.12,2,2,3,223,Others
15666.0,472,2,632.9399999999999,1,1,2,112,Hibernating / lost
15667.0,39,1,301.32,3,1,1,311,New customers
15668.0,217,1,76.32000000000001,2,1,1,211,Others
15669.0,40,4,684.34,3,2,2,322,Potential loyalists
15670.0,296,2,325.2,1,1,1,111,Hibernating / lost
15671.0,18,7,2657.13,3,3,3,333,Champions
15672.0,725,1,45.300000000000004,1,1,1,111,Hibernating / lost
15673.0,88,9,6414.79,2,3,3,233,Loyal customers
15674.0,73,13,6948.2300000000005,2,3,3,233,Loyal customers
15675.0,81,4,542.04,2,2,2,222,Others
15676.0,18,3,3435.76,3,2,3,323,Potential loyalists
15677.0,49,3,1305.63,2,2,2,222,Others
15678.0,52,3,1893.89,2,2,3,223,Others
15679.0,24,4,781.28,3,2,2,322,Potential loyalists
15680.0,9,10,4507.58,3,3,3,333,Champions
15681.0,25,14,2989.7,3,3,3,333,Champions
15682.0,599,2,318.24,1,1,1,111,Hibernating / lost
15683.0,117,2,524.54,2,1,2,212,Others
15684.0,547,3,173.95,1,2,1,121,At risk
15685.0,450,1,55.980000000000004,1,1,1,111,Hibernating / lost
15686.0,420,1,90.0,1,1,1,111,Hibernating / lost
15687.0,8,9,2993.1,3,3,3,333,Champions
15688.0,418,1,190.57,1,1,1,111,Hibernating / lost
15689.0,119,3,521.03,2,2,2,222,Others
15690.0,4,2,239.76,3,1,1,311,New customers
15691.0,252,4,571.3,2,2,2,222,Others
15692.0,28,1,191.04,3,1,1,311,New customers
15693.0,659,1,37.5,1,1,1,111,Hibernating / lost
15694.0,0,24,10810.81,3,3,3,333,Champions
15695.0,266,4,1131.04,1,2,2,122,At risk
15696.0,33,13,3906.57,3,3,3,333,Champions
15697.0,689,1,246.75,1,1,1,111,Hibernating / lost
15698.0,624,1,46.2,1,1,1,111,Hibernating / lost
15699.0,17,1,309.65,3,1,1,311,New customers
15700.0,172,2,696.68,2,1,2,212,Others
15701.0,2,4,1542.14,3,2,2,322,Potential loyalists
15702.0,476,2,140.39000000000001,1,1,1,111,Hibernating / lost
15703.0,264,1,211.5,2,1,1,211,Others
15704.0,140,6,3817.96,2,3,3,233,Loyal customers
15705.0,201,1,143.1,2,1,1,211,Others
15706.0,63,4,1060.56,2,2,2,222,Others
15707.0,35,4,945.58,3,2,2,322,Potential loyalists
15708.0,40,9,4378.72,3,3,3,333,Champions
15709.0,283,2,327.85,1,1,1,111,Hibernating / lost
15710.0,417,1,898.87,1,1,2,112,Hibernating / lost
15711.0,556,2,420.25,1,1,1,111,Hibernating / lost
15712.0,9,12,3472.4100000000003,3,3,3,333,Champions
15713.0,143,4,1010.79,2,2,2,222,Others
15714.0,11,5,784.8100000000001,3,2,2,322,Potential loyalists
15715.0,555,5,658.02,1,2,2,122,At risk
15716.0,145,11,3056.81,2,3,3,233,Loyal customers
15717.0,234,5,607.0,2,2,2,222,Others
15718.0,540,1,293.79,1,1,1,111,Hibernating / lost
15719.0,32,31,10223.06,3,3,3,333,Champions
15720.0,24,2,741.92,3,1,2,312,Potential loyalists
15721.0,11,1,507.08,3,1,2,312,Potential loyalists
15722.0,35,11,5258.1,3,3,3,333,Champions
15723.0,364,4,947.65,1,2,2,122,At risk
15724.0,201,3,310.85,2,2,1,221,Others
15725.0,15,1,415.25,3,1,1,311,New customers
15726.0,390,1,321.91,1,1,1,111,Hibernating / lost
15727.0,16,15,9445.51,3,3,3,333,Champions
15728.0,379,2,544.6,1,1,2,112,Hibernating / lost
15729.0,212,3,192.55,2,2,1,221,Others
15730.0,65,5,1726.58,2,2,3,223,Others
15731.0,553,1,125.3,1,1,1,111,Hibernating / lost
15732.0,212,10,1682.07,2,3,3,233,Loyal customers
15733.0,282,1,162.3,1,1,1,111,Hibernating / lost
15734.0,114,4,2263.3,2,2,3,223,Others
15735.0,421,1,327.68,1,1,1,111,Hibernating / lost
15736.0,435,2,1815.72,1,1,3,113,Hibernating / lost
15737.0,14,8,1205.1200000000001,3,3,2,332,Loyal customers
15738.0,18,41,13372.970000000001,3,3,3,333,Champions
15739.0,66,1,449.12,2,1,1,211,Others
15740.0,49,1,154.88,2,1,1,211,Others
15741.0,458,2,208.62,1,1,1,111,Hibernating / lost
15742.0,619,1,156.87,1,1,1,111,Hibernating / lost
15743.0,16,4,784.46,3,2,2,322,Potential loyalists
15744.0,77,1,34.8,2,1,1,211,Others
15745.0,19,4,1094.59,3,2,2,322,Potential loyalists
15746.0,134,1,196.88,2,1,1,211,Others
15747.0,12,9,2562.61,3,3,3,333,Champions
15748.0,40,3,614.7600000000001,3,2,2,322,Potential loyalists
15749.0,235,3,44534.3,2,2,3,223,Others
15750.0,2,18,6797.191,3,3,3,333,Champions
15751.0,460,11,1380.44,1,3,2,132,At risk
15752.0,39,9,4207.54,3,3,3,333,Champions
15753.0,304,1,79.2,1,1,1,111,Hibernating / lost
15754.0,51,9,3037.61,2,3,3,233,Loyal customers
15755.0,10,17,5993.12,3,3,3,333,Champions
15756.0,61,4,532.96,2,2,2,222,Others
15757.0,65,6,2940.36,2,3,3,233,Loyal customers
15758.0,24,1,205.25,3,1,1,311,New customers
15759.0,218,7,830.9300000000001,2,3,2,232,Loyal customers
15760.0,630,2,13916.34,1,1,3,113,Hibernating / lost
15761.0,442,1,143.05,1,1,1,111,Hibernating / lost
15762.0,65,2,583.75,2,1,2,212,Others
15763.0,31,2,1086.92,3,1,2,312,Potential loyalists
15764.0,88,8,4503.08,2,3,3,233,Loyal customers
15765.0,666,1,370.63,1,1,1,111,Hibernating / lost
15766.0,64,3,831.06,2,2,2,222,Others
15768.0,115,34,15601.09,2,3,3,233,Loyal customers
15769.0,7,46,88704.32,3,3,3,333,Champions
15770.0,612,1,321.45,1,1,1,111,Hibernating / lost
15771.0,604,3,1006.54,1,2,2,122,At risk
15772.0,418,1,280.88,1,1,1,111,Hibernating / lost
15773.0,5,2,774.52,3,1,2,312,Potential loyalists
15774.0,68,6,1329.94,2,3,2,232,Loyal customers
15775.0,245,2,150.5,2,1,1,211,Others
15776.0,133,1,241.62,2,1,1,211,Others
15777.0,241,7,1762.61,2,3,3,233,Loyal customers
15778.0,431,1,307.95,1,1,1,111,Hibernating / lost
15779.0,463,2,124.08000000000001,1,1,1,111,Hibernating / lost
15780.0,183,3,475.28000000000003,2,2,2,222,Others
15781.0,25,3,345.46,3,2,1,321,Potential loyalists
15782.0,9,4,4014.1,3,2,3,323,Potential loyalists
15783.0,10,1,246.3,3,1,1,311,New customers
15784.0,467,2,848.3299999999999,1,1,2,112,Hibernating / lost
15785.0,32,16,5969.93,3,3,3,333,Champions
15786.0,46,5,8514.82,2,2,3,223,Others
15787.0,26,3,948.05,3,2,2,322,Potential loyalists
15788.0,508,1,221.82999999999998,1,1,1,111,Hibernating / lost
15789.0,358,6,1962.01,1,3,3,133,At risk
15790.0,10,1,220.85,3,1,1,311,New customers
15791.0,43,5,3608.34,2,2,3,223,Others
15792.0,399,2,933.84,1,1,2,112,Hibernating / lost
15793.0,14,8,2399.57,3,3,3,333,Champions
15794.0,736,2,777.0,1,1,2,112,Hibernating / lost
15795.0,149,8,1979.8700000000001,2,3,3,233,Loyal customers
15796.0,1,17,5175.83,3,3,3,333,Champions
15797.0,113,6,2821.08,2,3,3,233,Loyal customers
15798.0,492,3,1535.37,1,2,2,122,At risk
15799.0,75,4,1424.29,2,2,2,222,Others
15800.0,107,7,1242.58,2,3,2,232,Loyal customers
15801.0,46,3,1063.95,2,2,2,222,Others
15802.0,142,1,451.42,2,1,1,211,Others
15803.0,51,4,1929.66,2,2,3,223,Others
15804.0,0,13,4206.39,3,3,3,333,Champions
15805.0,23,30,10189.23,3,3,3,333,Champions
15806.0,46,3,784.58,2,2,2,222,Others
15807.0,50,5,1817.52,2,2,3,223,Others
15808.0,306,21,18409.93,1,3,3,133,At risk
15809.0,36,7,1274.44,3,3,2,332,Loyal customers
15810.0,78,8,2999.04,2,3,3,233,Loyal customers
15811.0,22,7,3890.52,3,3,3,333,Champions
15812.0,107,12,5201.47,2,3,3,233,Loyal customers
15813.0,207,2,1303.9099999999999,2,1,2,212,Others
15814.0,16,6,2634.44,3,3,3,333,Champions
15815.0,63,5,2100.6,2,2,3,223,Others
15816.0,542,2,144.14999999999998,1,1,1,111,Hibernating / lost
15817.0,420,3,2766.4,1,2,3,123,At risk
15818.0,588,1,340.5,1,1,1,111,Hibernating / lost
15819.0,49,10,3934.79,2,3,3,233,Loyal customers
15820.0,319,1,206.98,1,1,1,111,Hibernating / lost
15821.0,44,2,570.96,2,1,2,212,Others
15822.0,3,6,1840.06,3,3,3,333,Champions
15823.0,372,3,3897.17,1,2,3,123,At risk
15824.0,453,2,890.94,1,1,2,112,Hibernating / lost
15825.0,172,1,532.94,2,1,2,212,Others
15826.0,56,4,2598.28,2,2,3,223,Others
15827.0,73,28,3794.07,2,3,3,233,Loyal customers
15828.0,375,1,1108.82,1,1,2,112,Hibernating / lost
15829.0,99,2,636.14,2,1,2,212,Others
15830.0,37,1,576.0,3,1,2,312,Potential loyalists
15831.0,58,3,801.76,2,2,2,222,Others
15832.0,254,1,836.79,2,1,2,212,Others
15833.0,737,1,80.4,1,1,1,111,Hibernating / lost
15834.0,70,7,3772.9900000000002,2,3,3,233,Loyal customers
15835.0,44,4,954.09,2,2,2,222,Others
15836.0,50,1,137.37,2,1,1,211,Others
15837.0,64,2,777.01,2,1,2,212,Others
15838.0,11,34,74163.0,3,3,3,333,Champions
15839.0,33,3,1048.49,3,2,2,322,Potential loyalists
15840.0,58,2,355.56,2,1,1,211,Others
15841.0,72,9,2742.41,2,3,3,233,Loyal customers
15842.0,393,2,548.8,1,1,2,112,Hibernating / lost
15843.0,303,1,118.95000000000002,1,1,1,111,Hibernating / lost
15844.0,46,1,130.73999999999998,2,1,1,211,Others
15845.0,17,11,4426.28,3,3,3,333,Champions
15846.0,385,1,107.01,1,1,1,111,Hibernating / lost
15847.0,38,5,822.57,3,2,2,322,Potential loyalists
15848.0,621,1,139.94,1,1,1,111,Hibernating / lost
15850.0,19,6,1058.72,3,3,2,332,Loyal customers
15851.0,526,1,109.73,1,1,1,111,Hibernating / lost
15852.0,186,3,257.26,2,2,1,221,Others
15853.0,51,1,110.8,2,1,1,211,Others
15854.0,4,21,5583.81,3,3,3,333,Champions
15855.0,136,6,1052.72,2,3,2,232,Loyal customers
15856.0,4,52,34220.340000000004,3,3,3,333,Champions
15857.0,18,2,570.48,3,1,2,312,Potential loyalists
15858.0,15,13,3960.37,3,3,3,333,Champions
15859.0,432,1,438.46,1,1,1,111,Hibernating / lost
15860.0,40,17,2505.21,3,3,3,333,Champions
15861.0,12,12,4401.79,3,3,3,333,Champions
15862.0,8,13,2928.29,3,3,3,333,Champions
15863.0,25,5,358.7,3,2,1,321,Potential loyalists
15864.0,22,7,2180.76,3,3,3,333,Champions
15865.0,40,5,2248.92,3,2,3,323,Potential loyalists
15866.0,101,1,230.53,2,1,1,211,Others
15867.0,5,31,9063.95,3,3,3,333,Champions
15868.0,583,1,94.53,1,1,1,111,Hibernating / lost
15869.0,277,3,323.65999999999997,1,2,1,121,At risk
15870.0,32,4,862.61,3,2,2,322,Potential loyalists
15871.0,437,1,33.099999999999994,1,1,1,111,Hibernating / lost
15872.0,14,4,795.68,3,2,2,322,Potential loyalists
15873.0,499,4,313.91999999999996,1,2,1,121,At risk
15874.0,63,21,11284.76,2,3,3,233,Loyal customers
15875.0,646,1,111.72,1,1,1,111,Hibernating / lost
15876.0,409,2,1449.1399999999999,1,1,2,112,Hibernating / lost
15877.0,1,2,493.28,3,1,2,312,Potential loyalists
15878.0,561,2,330.77,1,1,1,111,Hibernating / lost
15879.0,404,4,1157.3,1,2,2,122,At risk
15880.0,369,1,686.5600000000001,1,1,2,112,Hibernating / lost
15881.0,312,5,501.39000000000004,1,2,2,122,At risk
15882.0,198,8,1495.98,2,3,2,232,Loyal customers
15883.0,2,2,396.48,3,1,1,311,New customers
15884.0,432,2,249.70000000000002,1,1,1,111,Hibernating / lost
15885.0,92,15,1951.82,2,3,3,233,Loyal customers
15886.0,60,4,1052.8700000000001,2,2,2,222,Others
15887.0,406,3,1027.15,1,2,2,122,At risk
15888.0,80,3,429.16,2,2,1,221,Others
15889.0,156,8,1806.28,2,3,3,233,Loyal customers
15890.0,394,5,535.65,1,2,2,122,At risk
15891.0,226,1,524.52,2,1,2,212,Others
15892.0,669,1,128.2,1,1,1,111,Hibernating / lost
15893.0,481,1,305.28000000000003,1,1,1,111,Hibernating / lost
15894.0,253,2,420.29,2,1,1,211,Others
15895.0,149,1,179.17,2,1,1,211,Others
15897.0,194,2,222.05,2,1,1,211,Others
15898.0,1,25,5596.31,3,3,3,333,Champions
15899.0,368,1,112.5,1,1,1,111,Hibernating / lost
15900.0,23,4,900.4,3,2,2,322,Potential loyalists
15901.0,16,7,703.22,3,3,2,332,Loyal customers
15902.0,380,1,145.01,1,1,1,111,Hibernating / lost
15903.0,9,12,8939.84,3,3,3,333,Champions
15904.0,8,1,164.68,3,1,1,311,New customers
15905.0,543,1,114.69,1,1,1,111,Hibernating / lost
15906.0,19,10,2555.64,3,3,3,333,Champions
15907.0,3,3,967.45,3,2,2,322,Potential loyalists
15908.0,490,2,764.57,1,1,2,112,Hibernating / lost
15909.0,173,1,191.94,2,1,1,211,Others
15910.0,0,15,2681.8,3,3,3,333,Champions
15911.0,623,8,1702.34,1,3,3,133,At risk
15912.0,178,9,1074.7,2,3,2,232,Loyal customers
15913.0,534,1,6.300000000000001,1,1,1,111,Hibernating / lost
15914.0,378,2,205.99,1,1,1,111,Hibernating / lost
15915.0,401,1,429.21,1,1,1,111,Hibernating / lost
15916.0,16,13,3427.17,3,3,3,333,Champions
15917.0,247,5,560.63,2,2,2,222,Others
15918.0,190,3,582.88,2,2,2,222,Others
15919.0,19,2,910.61,3,1,2,312,Potential loyalists
15920.0,154,9,571.64,2,3,2,232,Loyal customers
15921.0,172,4,802.11,2,2,2,222,Others
15922.0,373,1,739.0,1,1,2,112,Hibernating / lost
15923.0,372,1,254.16,1,1,1,111,Hibernating / lost
15924.0,731,1,102.82,1,1,1,111,Hibernating / lost
15925.0,194,1,207.15,2,1,1,211,Others
15926.0,542,1,134.44,1,1,1,111,Hibernating / lost
15927.0,647,1,123.39,1,1,1,111,Hibernating / lost
15928.0,656,1,293.53,1,1,1,111,Hibernating / lost
15929.0,644,1,594.0,1,1,2,112,Hibernating / lost
15930.0,67,1,426.63,2,1,1,211,Others
15931.0,428,1,239.9,1,1,1,111,Hibernating / lost
15932.0,4,8,2495.87,3,3,3,333,Champions
15933.0,21,3,1107.46,3,2,2,322,Potential loyalists
15934.0,417,2,2190.66,1,1,3,113,Hibernating / lost
15935.0,239,2,416.86,2,1,1,211,Others
15936.0,379,2,282.79,1,1,1,111,Hibernating / lost
15937.0,64,1,145.35,2,1,1,211,Others
15938.0,112,9,734.81,2,3,2,232,Loyal customers
15939.0,89,16,9060.39,2,3,3,233,Loyal customers
15940.0,311,1,35.8,1,1,1,111,Hibernating / lost
15941.0,637,1,405.0,1,1,1,111,Hibernating / lost
15942.0,133,1,337.44,2,1,1,211,Others
15943.0,649,2,271.28999999999996,1,1,1,111,Hibernating / lost
15944.0,276,4,2164.24,1,2,3,123,At risk
15945.0,365,4,827.27,1,2,2,122,At risk
15946.0,502,3,2304.18,1,2,3,123,At risk
15947.0,82,1,1708.24,2,1,3,213,Others
15948.0,8,3,1509.0900000000001,3,2,2,322,Potential loyalists
15949.0,16,2,364.72,3,1,1,311,New customers
15950.0,31,10,7180.71,3,3,3,333,Champions
15951.0,8,3,1013.17,3,2,2,322,Potential loyalists
15952.0,33,4,806.57,3,2,2,322,Potential loyalists
15953.0,15,18,3669.5499999999997,3,3,3,333,Champions
15954.0,589,1,190.75,1,1,1,111,Hibernating / lost
15955.0,24,22,8658.36,3,3,3,333,Champions
15956.0,551,2,617.6,1,1,2,112,Hibernating / lost
15957.0,31,3,930.1,3,2,2,322,Potential loyalists
15958.0,74,4,492.99,2,2,2,222,Others
15959.0,682,3,579.49,1,2,2,122,At risk
15960.0,374,4,410.95,1,2,1,121,At risk
15961.0,379,1,451.28999999999996,1,1,1,111,Hibernating / lost
15962.0,449,1,295.83,1,1,1,111,Hibernating / lost
15963.0,19,2,470.76,3,1,1,311,New customers
15964.0,663,1,272.96000000000004,1,1,1,111,Hibernating / lost
15965.0,17,13,3013.09,3,3,3,333,Champions
15966.0,450,1,426.53000000000003,1,1,1,111,Hibernating / lost
15967.0,23,12,3041.6,3,3,3,333,Champions
15968.0,388,1,418.05,1,1,1,111,Hibernating / lost
15969.0,2,5,1127.05,3,2,2,322,Potential loyalists
15970.0,303,2,1017.32,1,1,2,112,Hibernating / lost
15971.0,17,18,5902.83,3,3,3,333,Champions
15972.0,456,5,1810.27,1,2,3,123,At risk
15973.0,366,3,988.44,1,2,2,122,At risk
15974.0,39,7,3442.15,3,3,3,333,Champions
15975.0,84,1,371.01,2,1,1,211,Others
15976.0,165,6,1746.6399999999999,2,3,3,233,Loyal customers
15977.0,17,2,1054.73,3,1,2,312,Potential loyalists
15978.0,77,3,3279.42,2,2,3,223,Others
15979.0,602,1,329.22,1,1,1,111,Hibernating / lost
15980.0,88,7,6593.68,2,3,3,233,Loyal customers
15981.0,24,21,9362.77,3,3,3,333,Champions
15982.0,605,1,324.51,1,1,1,111,Hibernating / lost
15983.0,22,8,3958.8199999999997,3,3,3,333,Champions
15984.0,2,30,8759.32,3,3,3,333,Champions
15985.0,123,7,2715.28,2,3,3,233,Loyal customers
15986.0,30,2,354.42,3,1,1,311,New customers
15987.0,12,8,1682.13,3,3,3,333,Champions
15988.0,19,3,770.09,3,2,2,322,Potential loyalists
15989.0,375,2,372.51,1,1,1,111,Hibernating / lost
15990.0,44,7,2010.05,2,3,3,233,Loyal customers
15991.0,534,1,150.55,1,1,1,111,Hibernating / lost
15992.0,3,3,896.6,3,2,2,322,Potential loyalists
15993.0,8,7,2797.57,3,3,3,333,Champions
15994.0,54,3,1202.18,2,2,2,222,Others
15995.0,414,1,696.19,1,1,2,112,Hibernating / lost
15996.0,88,7,1686.9,2,3,3,233,Loyal customers
15998.0,36,16,8308.34,3,3,3,333,Champions
15999.0,735,1,20.4,1,1,1,111,Hibernating / lost
16000.0,2,3,12393.7,3,2,3,323,Potential loyalists
16001.0,381,1,583.39,1,1,2,112,Hibernating / lost
16002.0,625,1,169.21,1,1,1,111,Hibernating / lost
16003.0,29,10,5613.83,3,3,3,333,Champions
16004.0,474,5,2146.39,1,2,3,123,At risk
16005.0,12,10,2436.22,3,3,3,333,Champions
16006.0,211,2,347.17,2,1,1,211,Others
16007.0,47,7,3075.14,2,3,3,233,Loyal customers
16008.0,23,15,5384.13,3,3,3,333,Champions
16009.0,22,4,992.71,3,2,2,322,Potential loyalists
16010.0,245,11,1724.06,2,3,3,233,Loyal customers
16011.0,8,29,5880.46,3,3,3,333,Champions
16012.0,35,5,2989.79,3,2,3,323,Potential loyalists
16013.0,3,84,57446.44,3,3,3,333,Champions
16014.0,37,5,1130.27,3,2,2,322,Potential loyalists
16015.0,3,3,705.39,3,2,2,322,Potential loyalists
16016.0,3,11,2533.94,3,3,3,333,Champions
16017.0,47,5,1553.83,2,2,2,222,Others
16018.0,39,4,698.13,3,2,2,322,Potential loyalists
16019.0,46,27,17465.85,2,3,3,233,Loyal customers
16020.0,16,3,851.01,3,2,2,322,Potential loyalists
16021.0,395,2,532.25,1,1,2,112,Hibernating / lost
16022.0,260,1,628.28,2,1,2,212,Others
16023.0,46,3,719.81,2,2,2,222,Others
16024.0,12,3,484.2,3,2,2,322,Potential loyalists
16025.0,29,1,439.65999999999997,3,1,1,311,New customers
16026.0,43,1,236.09,2,1,1,211,Others
16027.0,91,15,2048.36,2,3,3,233,Loyal customers
16028.0,595,1,82.2,1,1,1,111,Hibernating / lost
16029.0,38,107,122209.14,3,3,3,333,Champions
16030.0,309,1,331.24,1,1,1,111,Hibernating / lost
16031.0,92,2,548.94,2,1,2,212,Others
16032.0,456,6,1970.45,1,3,3,133,At risk
16033.0,5,27,10836.13,3,3,3,333,Champions
16034.0,196,6,928.72,2,3,2,232,Loyal customers
16035.0,560,1,217.73,1,1,1,111,Hibernating / lost
16036.0,87,4,2556.84,2,2,3,223,Others
16037.0,269,5,1509.34,1,2,2,122,At risk
16038.0,7,3,471.78000000000003,3,2,2,322,Potential loyalists
16039.0,423,2,456.4,1,1,1,111,Hibernating / lost
16040.0,65,7,2416.9,2,3,3,233,Loyal customers
16041.0,30,3,3166.4,3,2,3,323,Potential loyalists
16042.0,22,8,2265.12,3,3,3,333,Champions
16043.0,37,8,1856.5900000000001,3,3,3,333,Champions
16044.0,435,1,340.84000000000003,1,1,1,111,Hibernating / lost
16045.0,119,8,3434.9300000000003,2,3,3,233,Loyal customers
16046.0,562,1,235.78,1,1,1,111,Hibernating / lost
16047.0,682,1,107.14,1,1,1,111,Hibernating / lost
16048.0,373,4,1075.23,1,2,2,122,At risk
16049.0,40,6,1899.68,3,3,3,333,Champions
16050.0,173,3,300.7,2,2,1,221,Others
16051.0,681,1,188.44,1,1,1,111,Hibernating / lost
16052.0,54,1,362.06,2,1,1,211,Others
16053.0,32,6,3634.84,3,3,3,333,Champions
16054.0,145,4,2111.88,2,2,3,223,Others
16055.0,220,1,134.8,2,1,1,211,Others
16056.0,45,1,664.85,2,1,2,212,Others
16057.0,16,10,3854.85,3,3,3,333,Champions
16058.0,406,1,62.7,1,1,1,111,Hibernating / lost
16059.0,65,12,3217.77,2,3,3,233,Loyal customers
16060.0,400,3,541.95,1,2,2,122,At risk
16061.0,431,1,89.65,1,1,1,111,Hibernating / lost
16062.0,9,8,2863.45,3,3,3,333,Champions
16063.0,260,1,335.32,2,1,1,211,Others
16064.0,725,1,111.0,1,1,1,111,Hibernating / lost
16065.0,365,8,2382.62,1,3,3,133,At risk
16066.0,16,5,1521.87,3,2,2,322,Potential loyalists
16067.0,562,3,3395.29,1,2,3,123,At risk
16068.0,593,1,122.93,1,1,1,111,Hibernating / lost
16069.0,417,1,457.7,1,1,1,111,Hibernating / lost
16070.0,22,2,852.15,3,1,2,312,Potential loyalists
16071.0,44,4,1076.8,2,2,2,222,Others
16072.0,288,4,4328.89,1,2,3,123,At risk
16073.0,297,1,122.39999999999999,1,1,1,111,Hibernating / lost
16074.0,390,1,265.25,1,1,1,111,Hibernating / lost
16075.0,502,2,736.9300000000001,1,1,2,112,Hibernating / lost
16076.0,3,10,2234.73,3,3,3,333,Champions
16077.0,625,1,2300.4,1,1,3,113,Hibernating / lost
16078.0,283,2,362.99,1,1,1,111,Hibernating / lost
16079.0,16,3,1352.0,3,2,2,322,Potential loyalists
16080.0,81,4,602.5600000000001,2,2,2,222,Others
16081.0,56,8,4460.18,2,3,3,233,Loyal customers
16082.0,670,1,106.75,1,1,1,111,Hibernating / lost
16083.0,100,4,2351.42,2,2,3,223,Others
16084.0,299,1,436.18,1,1,1,111,Hibernating / lost
16085.0,23,12,2343.53,3,3,3,333,Champions
16086.0,59,10,2864.9900000000002,2,3,3,233,Loyal customers
16087.0,389,5,1739.92,1,2,3,123,At risk
16088.0,575,2,1437.43,1,1,2,112,Hibernating / lost
16089.0,386,2,271.44,1,1,1,111,Hibernating / lost
16090.0,624,1,205.91,1,1,1,111,Hibernating / lost
16091.0,154,2,315.06,2,1,1,211,Others
16092.0,114,6,1587.94,2,3,2,232,Loyal customers
16093.0,106,1,17.0,2,1,1,211,Others
16094.0,11,11,3695.56,3,3,3,333,Champions
16095.0,456,1,447.05,1,1,1,111,Hibernating / lost
16096.0,264,4,1584.97,2,2,2,222,Others
16097.0,240,1,185.04999999999998,2,1,1,211,Others
16098.0,87,14,4448.1,2,3,3,233,Loyal customers
16099.0,50,7,1573.2,2,3,2,232,Loyal customers
16100.0,462,1,582.64,1,1,2,112,Hibernating / lost
16101.0,70,4,3229.16,2,2,3,223,Others
16102.0,42,3,1842.14,2,2,3,223,Others
16103.0,7,22,6191.71,3,3,3,333,Champions
16104.0,61,9,2778.61,2,3,3,233,Loyal customers
16105.0,248,5,2386.19,2,2,3,223,Others
16106.0,65,1,108.38,2,1,1,211,Others
16107.0,17,7,3204.1600000000003,3,3,3,333,Champions
16108.0,84,4,2235.92,2,2,3,223,Others
16109.0,218,3,939.48,2,2,2,222,Others
16110.0,45,4,1819.27,2,2,3,223,Others
16111.0,428,1,562.48,1,1,2,112,Hibernating / lost
16112.0,143,4,195.73999999999998,2,2,1,221,Others
16113.0,183,1,161.38,2,1,1,211,Others
16114.0,170,1,135.75000000000003,2,1,1,211,Others
16115.0,9,12,2575.14,3,3,3,333,Champions
16116.0,211,1,612.78,2,1,2,212,Others
16117.0,189,3,654.4,2,2,2,222,Others
16118.0,652,1,4376.25,1,1,3,113,Hibernating / lost
16119.0,8,8,1720.81,3,3,3,333,Champions
16120.0,59,6,3056.91,2,3,3,233,Loyal customers
16121.0,57,5,1477.09,2,2,2,222,Others
16122.0,73,6,1001.34,2,3,2,232,Loyal customers
16123.0,51,1,307.78,2,1,1,211,Others
16124.0,317,4,1772.49,1,2,3,123,At risk
16125.0,367,14,4587.65,1,3,3,133,At risk
16126.0,29,15,14646.800000000001,3,3,3,333,Champions
16127.0,39,2,801.31,3,1,2,312,Potential loyalists
16128.0,17,11,3801.05,3,3,3,333,Champions
16129.0,407,3,1396.05,1,2,2,122,At risk
16130.0,422,4,987.48,1,2,2,122,At risk
16131.0,51,12,9957.42,2,3,3,233,Loyal customers
16132.0,544,2,664.1999999999999,1,1,2,112,Hibernating / lost
16133.0,3,56,22992.260000000002,3,3,3,333,Champions
16134.0,21,5,2145.34,3,2,3,323,Potential loyalists
16135.0,262,2,819.45,2,1,2,212,Others
16136.0,59,4,946.8,2,2,2,222,Others
16137.0,680,1,422.7,1,1,1,111,Hibernating / lost
16138.0,378,3,910.35,1,2,2,122,At risk
16139.0,18,5,1111.15,3,2,2,322,Potential loyalists
16140.0,65,3,1557.6000000000001,2,2,2,222,Others
16141.0,88,2,955.94,2,1,2,212,Others
16142.0,249,1,535.34,2,1,2,212,Others
16143.0,3,12,4910.83,3,3,3,333,Champions
16144.0,246,1,175.2,2,1,1,211,Others
16145.0,8,19,6805.4400000000005,3,3,3,333,Champions
16146.0,157,4,946.38,2,2,2,222,Others
16147.0,133,5,2398.91,2,2,3,223,Others
16148.0,296,2,386.62,1,1,1,111,Hibernating / lost
16149.0,4,3,422.22,3,2,1,321,Potential loyalists
16150.0,42,10,4395.59,2,3,3,233,Loyal customers
16152.0,268,1,1829.04,1,1,3,113,Hibernating / lost
16153.0,49,11,5133.49,2,3,3,233,Loyal customers
16155.0,381,5,796.9,1,2,2,122,At risk
16156.0,8,20,6218.18,3,3,3,333,Champions
16157.0,15,3,656.69,3,2,2,322,Potential loyalists
16158.0,522,9,628.32,1,3,2,132,At risk
16159.0,281,4,1232.79,1,2,2,122,At risk
16160.0,65,2,1025.44,2,1,2,212,Others
16161.0,1,43,12831.8,3,3,3,333,Champions
16162.0,252,1,37.4,2,1,1,211,Others
16163.0,232,6,2849.58,2,3,3,233,Loyal customers
16164.0,17,3,822.48,3,2,2,322,Potential loyalists
16165.0,505,1,79.9,1,1,1,111,Hibernating / lost
16166.0,428,2,435.83,1,1,1,111,Hibernating / lost
16167.0,414,5,1386.1200000000001,1,2,2,122,At risk
16168.0,10,66,10636.47,3,3,3,333,Champions
16169.0,8,4,1822.97,3,2,3,323,Potential loyalists
16170.0,50,20,6869.0,2,3,3,233,Loyal customers
16171.0,59,1,73.2,2,1,1,211,Others
16172.0,95,8,1884.55,2,3,3,233,Loyal customers
16173.0,15,6,1418.32,3,3,2,332,Loyal customers
16174.0,126,7,2246.75,2,3,3,233,Loyal customers
16175.0,94,7,1836.44,2,3,3,233,Loyal customers
16176.0,421,4,2052.69,1,2,3,123,At risk
16177.0,50,8,2247.31,2,3,3,233,Loyal customers
16178.0,138,2,612.6,2,1,2,212,Others
16179.0,60,1,215.83,2,1,1,211,Others
16180.0,100,13,16249.87,2,3,3,233,Loyal customers
16181.0,73,1,305.54,2,1,1,211,Others
16182.0,72,9,9971.65,2,3,3,233,Loyal customers
16183.0,67,4,1077.81,2,2,2,222,Others
16184.0,64,6,1158.79,2,3,2,232,Loyal customers
16185.0,16,3,644.72,3,2,2,322,Potential loyalists
16186.0,22,26,9026.11,3,3,3,333,Champions
16187.0,31,15,6911.4400000000005,3,3,3,333,Champions
16188.0,44,5,1087.66,2,2,2,222,Others
16189.0,15,2,215.48,3,1,1,311,New customers
16190.0,40,8,2723.55,3,3,3,333,Champions
16191.0,2,24,15688.02,3,3,3,333,Champions
16192.0,735,1,351.3,1,1,1,111,Hibernating / lost
16193.0,236,2,630.43,2,1,2,212,Others
16194.0,375,1,308.59999999999997,1,1,1,111,Hibernating / lost
16195.0,723,1,323.25,1,1,1,111,Hibernating / lost
16196.0,488,1,93.3,1,1,1,111,Hibernating / lost
16197.0,469,9,2016.71,1,3,3,133,At risk
16198.0,75,2,1030.0410000000002,2,1,2,212,Others
16199.0,392,7,942.75,1,3,2,132,At risk
16200.0,4,12,5643.45,3,3,3,333,Champions
16201.0,3,5,2112.12,3,2,3,323,Potential loyalists
16202.0,360,9,2501.9900000000002,1,3,3,133,At risk
16203.0,58,6,1114.54,2,3,2,232,Loyal customers
16204.0,23,3,944.24,3,2,2,322,Potential loyalists
16205.0,30,7,1830.61,3,3,3,333,Champions
16206.0,54,13,2602.32,2,3,3,233,Loyal customers
16207.0,25,1,394.38,3,1,1,311,New customers
16208.0,44,10,3440.45,2,3,3,233,Loyal customers
16209.0,88,9,4146.78,2,3,3,233,Loyal customers
16210.0,1,35,38489.51,3,3,3,333,Champions
16211.0,88,3,1090.59,2,2,2,222,Others
16212.0,19,4,1293.71,3,2,2,322,Potential loyalists
16213.0,78,1,159.0,2,1,1,211,Others
16214.0,170,4,2038.25,2,2,3,223,Others
16215.0,80,1,242.35,2,1,1,211,Others
16216.0,267,1,914.9300000000001,1,1,2,112,Hibernating / lost
16217.0,235,2,304.25,2,1,1,211,Others
16218.0,29,13,4439.97,3,3,3,333,Champions
16219.0,500,1,40.8,1,1,1,111,Hibernating / lost
16221.0,36,9,2235.5099999999998,3,3,3,333,Champions
16222.0,318,2,1345.22,1,1,2,112,Hibernating / lost
16223.0,374,2,1102.3500000000001,1,1,2,112,Hibernating / lost
16224.0,57,5,1616.54,2,2,2,222,Others
16225.0,44,15,2867.4100000000003,2,3,3,233,Loyal customers
16226.0,203,5,672.1700000000001,2,2,2,222,Others
16227.0,225,3,1027.22,2,2,2,222,Others
16228.0,385,3,890.8100000000001,1,2,2,122,At risk
16229.0,87,6,2867.86,2,3,3,233,Loyal customers
16230.0,189,2,542.03,2,1,2,212,Others
16231.0,379,4,1078.22,1,2,2,122,At risk
16232.0,43,7,2712.97,2,3,3,233,Loyal customers
16233.0,71,9,1965.71,2,3,3,233,Loyal customers
16234.0,476,3,333.18,1,2,1,121,At risk
16235.0,40,9,2053.71,3,3,3,333,Champions
16236.0,78,1,432.2,2,1,1,211,Others
16237.0,437,1,136.65,1,1,1,111,Hibernating / lost
16238.0,422,1,63.66,1,1,1,111,Hibernating / lost
16239.0,56,6,1492.2,2,3,2,232,Loyal customers
16240.0,24,2,3718.8,3,1,3,313,Potential loyalists
16241.0,9,16,4329.31,3,3,3,333,Champions
16242.0,8,14,7474.4,3,3,3,333,Champions
16243.0,33,2,409.1,3,1,1,311,New customers
16244.0,211,2,2579.38,2,1,3,213,Others
16245.0,23,3,1413.66,3,2,2,322,Potential loyalists
16246.0,459,2,827.25,1,1,2,112,Hibernating / lost
16247.0,170,1,114.56,2,1,1,211,Others
16248.0,61,1,152.94,2,1,1,211,Others
16249.0,52,5,1800.07,2,2,3,223,Others
16250.0,261,3,791.38,2,2,2,222,Others
16251.0,512,1,128.31,1,1,1,111,Hibernating / lost
16252.0,382,1,295.09000000000003,1,1,1,111,Hibernating / lost
16253.0,66,7,7310.15,2,3,3,233,Loyal customers
16254.0,378,3,985.14,1,2,2,122,At risk
16255.0,16,15,4906.8,3,3,3,333,Champions
16256.0,266,3,1629.37,1,2,3,123,At risk
16257.0,176,1,46.95,2,1,1,211,Others
16258.0,45,15,11942.52,2,3,3,233,Loyal customers
16259.0,410,3,361.94,1,2,1,121,At risk
16260.0,50,1,1035.45,2,1,2,212,Others
16261.0,17,6,1059.45,3,3,2,332,Loyal customers
16262.0,378,1,755.15,1,1,2,112,Hibernating / lost
16263.0,423,1,351.01,1,1,1,111,Hibernating / lost
16264.0,438,2,837.53,1,1,2,112,Hibernating / lost
16265.0,9,12,6935.17,3,3,3,333,Champions
16266.0,73,14,1757.95,2,3,3,233,Loyal customers
16267.0,591,1,186.66,1,1,1,111,Hibernating / lost
16268.0,71,2,667.65,2,1,2,212,Others
16269.0,437,1,717.57,1,1,2,112,Hibernating / lost
16270.0,353,1,1141.24,1,1,2,112,Hibernating / lost
16271.0,2,10,3463.02,3,3,3,333,Champions
16272.0,116,1,411.7,2,1,1,211,Others
16273.0,648,2,336.03999999999996,1,1,1,111,Hibernating / lost
16274.0,373,1,715.9,1,1,2,112,Hibernating / lost
16275.0,196,3,2151.11,2,2,3,223,Others
16276.0,176,3,2629.3900000000003,2,2,3,223,Others
16277.0,733,1,188.69,1,1,1,111,Hibernating / lost
16278.0,100,3,1117.84,2,2,2,222,Others
16279.0,21,9,5705.08,3,3,3,333,Champions
16280.0,725,1,238.05,1,1,1,111,Hibernating / lost
16281.0,72,3,3424.02,2,2,3,223,Others
16282.0,339,3,1307.58,1,2,2,122,At risk
16283.0,5,8,4403.82,3,3,3,333,Champions
16284.0,31,3,1029.77,3,2,2,322,Potential loyalists
16285.0,646,1,176.9,1,1,1,111,Hibernating / lost
16286.0,477,2,328.95,1,1,1,111,Hibernating / lost
16287.0,169,5,1006.98,2,2,2,222,Others
16288.0,470,1,129.85,1,1,1,111,Hibernating / lost
16289.0,462,1,136.31,1,1,1,111,Hibernating / lost
16290.0,464,4,2069.3,1,2,3,123,At risk
16291.0,682,1,117.72,1,1,1,111,Hibernating / lost
16292.0,121,5,1253.76,2,2,2,222,Others
16293.0,21,15,4657.95,3,3,3,333,Champions
16294.0,476,1,126.05000000000001,1,1,1,111,Hibernating / lost
16295.0,9,4,1328.55,3,2,2,322,Potential loyalists
16296.0,626,4,1313.67,1,2,2,122,At risk
16297.0,268,1,301.9,1,1,1,111,Hibernating / lost
16298.0,22,7,1085.7,3,3,2,332,Loyal customers
16299.0,477,1,193.65,1,1,1,111,Hibernating / lost
16300.0,430,3,1392.43,1,2,2,122,At risk
16301.0,736,1,107.33,1,1,1,111,Hibernating / lost
16302.0,126,1,233.22,2,1,1,211,Others
16303.0,25,7,7928.27,3,3,3,333,Champions
16304.0,694,1,381.66,1,1,1,111,Hibernating / lost
16305.0,138,1,361.21999999999997,2,1,1,211,Others
16306.0,213,7,1192.82,2,3,2,232,Loyal customers
16307.0,429,3,1194.92,1,2,2,122,At risk
16308.0,37,7,5120.0,3,3,3,333,Champions
16309.0,106,2,706.57,2,1,2,212,Others
16310.0,414,2,460.08,1,1,1,111,Hibernating / lost
16311.0,17,2,616.26,3,1,2,312,Potential loyalists
16312.0,432,1,171.15,1,1,1,111,Hibernating / lost
16313.0,3,2,274.15000000000003,3,1,1,311,New customers
16314.0,389,3,1491.4,1,2,2,122,At risk
16315.0,330,2,402.71,1,1,1,111,Hibernating / lost
16316.0,64,13,5744.91,2,3,3,233,Loyal customers
16317.0,119,5,2192.51,2,2,3,223,Others
16318.0,35,1,328.15,3,1,1,311,New customers
16319.0,217,1,404.40000000000003,2,1,1,211,Others
16320.0,172,6,5628.99,2,3,3,233,Loyal customers
16321.0,72,7,604.5500000000001,2,3,2,232,Loyal customers
16322.0,1,2,326.75,3,1,1,311,New customers
16323.0,196,2,353.66,2,1,1,211,Others
16324.0,128,3,428.68,2,2,1,221,Others
16325.0,46,12,3597.5,2,3,3,233,Loyal customers
16326.0,5,24,4826.99,3,3,3,333,Champions
16327.0,14,16,10731.34,3,3,3,333,Champions
16328.0,563,1,310.83,1,1,1,111,Hibernating / lost
16329.0,427,4,1703.07,1,2,3,123,At risk
16330.0,17,7,634.33,3,3,2,332,Loyal customers
16331.0,432,6,2037.7,1,3,3,133,At risk
16332.0,28,11,2010.41,3,3,3,333,Champions
16333.0,7,22,26626.8,3,3,3,333,Champions
16334.0,492,1,277.48,1,1,1,111,Hibernating / lost
16335.0,551,7,2774.0,1,3,3,133,At risk
16336.0,420,4,3517.69,1,2,3,123,At risk
16337.0,36,1,151.05,3,1,1,311,New customers
16338.0,157,1,214.79999999999998,2,1,1,211,Others
16339.0,284,1,109.95,1,1,1,111,Hibernating / lost
16340.0,107,3,1526.06,2,2,2,222,Others
16341.0,24,7,3850.79,3,3,3,333,Champions
16342.0,75,4,322.41,2,2,1,221,Others
16343.0,16,3,687.0699999999999,3,2,2,322,Potential loyalists
16344.0,158,4,842.42,2,2,2,222,Others
16345.0,44,2,1198.74,2,1,2,212,Others
16346.0,385,1,224.51,1,1,1,111,Hibernating / lost
16347.0,11,11,3509.41,3,3,3,333,Champions
16348.0,32,8,1798.22,3,3,3,333,Champions
16349.0,290,1,53.5,1,1,1,111,Hibernating / lost
16350.0,21,9,2253.89,3,3,3,333,Champions
16351.0,332,13,3330.0299999999997,1,3,3,133,At risk
16352.0,17,2,494.44,3,1,2,312,Potential loyalists
16353.0,3,38,9999.460000000001,3,3,3,333,Champions
16354.0,63,5,1129.51,2,2,2,222,Others
16355.0,375,1,416.35,1,1,1,111,Hibernating / lost
16356.0,197,6,415.87,2,3,1,231,Loyal customers
16357.0,33,4,868.37,3,2,2,322,Potential loyalists
16358.0,1,5,2919.65,3,2,3,323,Potential loyalists
16359.0,7,16,2697.75,3,3,3,333,Champions
16360.0,4,6,3512.53,3,3,3,333,Champions
16361.0,9,4,896.66,3,2,2,322,Potential loyalists
16362.0,32,6,946.94,3,3,2,332,Loyal customers
16363.0,53,1,109.36000000000001,2,1,1,211,Others
16364.0,11,2,707.04,3,1,2,312,Potential loyalists
16365.0,17,15,3307.2,3,3,3,333,Champions
16366.0,18,4,1548.1299999999999,3,2,2,322,Potential loyalists
16367.0,37,3,1362.4,3,2,2,322,Potential loyalists
16368.0,2,3,640.21,3,2,2,322,Potential loyalists
16369.0,18,7,2664.81,3,3,3,333,Champions
16370.0,82,4,1320.56,2,2,2,222,Others
16371.0,448,1,157.2,1,1,1,111,Hibernating / lost
16372.0,33,5,1328.61,3,2,2,322,Potential loyalists
16373.0,382,2,309.49,1,1,1,111,Hibernating / lost
16374.0,66,5,1771.45,2,2,3,223,Others
16375.0,470,2,104.0,1,1,1,111,Hibernating / lost
16376.0,8,2,987.01,3,1,2,312,Potential loyalists
16377.0,267,2,1308.48,1,1,2,112,Hibernating / lost
16378.0,247,3,362.95,2,2,1,221,Others
16379.0,4,4,2157.4,3,2,3,323,Potential loyalists
16380.0,61,1,1780.59,2,1,3,213,Others
16381.0,395,2,258.7,1,1,1,111,Hibernating / lost
16382.0,408,2,353.1,1,1,1,111,Hibernating / lost
16383.0,74,7,2974.84,2,3,3,233,Loyal customers
16384.0,89,4,1358.95,2,2,2,222,Others
16385.0,60,5,1030.61,2,2,2,222,Others
16386.0,28,3,1102.59,3,2,2,322,Potential loyalists
16387.0,322,5,918.55,1,2,2,122,At risk
16388.0,653,1,186.05,1,1,1,111,Hibernating / lost
16389.0,53,4,1382.07,2,2,2,222,Others
16390.0,536,3,467.5,1,2,1,121,At risk
16391.0,400,4,1103.61,1,2,2,122,At risk
16392.0,269,3,763.05,1,2,2,122,At risk
16393.0,2,23,5561.66,3,3,3,333,Champions
16394.0,56,5,1555.34,2,2,2,222,Others
16395.0,60,14,3537.85,2,3,3,233,Loyal customers
16396.0,476,1,137.8,1,1,1,111,Hibernating / lost
16397.0,628,1,127.88,1,1,1,111,Hibernating / lost
16398.0,154,2,1705.8,2,1,3,213,Others
16399.0,19,3,641.82,3,2,2,322,Potential loyalists
16400.0,94,9,3159.44,2,3,3,233,Loyal customers
16401.0,1,23,6849.15,3,3,3,333,Champions
16402.0,264,2,511.4,2,1,2,212,Others
16403.0,312,1,177.5,1,1,1,111,Hibernating / lost
16404.0,70,1,443.05,2,1,1,211,Others
16405.0,302,2,167.25,1,1,1,111,Hibernating / lost
16406.0,18,3,552.68,3,2,2,322,Potential loyalists
16407.0,12,14,2821.65,3,3,3,333,Champions
16408.0,591,1,231.93,1,1,1,111,Hibernating / lost
16409.0,36,12,5709.04,3,3,3,333,Champions
16410.0,734,1,130.32,1,1,1,111,Hibernating / lost
16411.0,19,4,910.1899999999999,3,2,2,322,Potential loyalists
16412.0,53,5,647.23,2,2,2,222,Others
16413.0,56,2,528.98,2,1,2,212,Others
16414.0,21,5,559.71,3,2,2,322,Potential loyalists
16415.0,44,3,719.44,2,2,2,222,Others
16416.0,26,9,2972.88,3,3,3,333,Champions
16417.0,492,1,35.7,1,1,1,111,Hibernating / lost
16418.0,44,5,1101.94,2,2,2,222,Others
16419.0,112,8,1487.42,2,3,2,232,Loyal customers
16420.0,396,1,75.0,1,1,1,111,Hibernating / lost
16421.0,376,3,526.27,1,2,2,122,At risk
16422.0,17,109,63651.47,3,3,3,333,Champions
16423.0,24,1,346.12,3,1,1,311,New customers
16424.0,191,2,443.06,2,1,1,211,Others
16425.0,302,1,302.7,1,1,1,111,Hibernating / lost
16426.0,2,10,1908.25,3,3,3,333,Champions
16427.0,263,2,241.06,2,1,1,211,Others
16428.0,413,3,660.28,1,2,2,122,At risk
16429.0,106,1,284.55,2,1,1,211,Others
16430.0,57,7,1117.94,2,3,2,232,Loyal customers
16431.0,213,3,642.81,2,2,2,222,Others
16432.0,64,1,287.4,2,1,1,211,Others
16433.0,28,2,384.52,3,1,1,311,New customers
16434.0,29,12,2741.74,3,3,3,333,Champions
16435.0,512,3,1011.5699999999999,1,2,2,122,At risk
16436.0,668,3,329.34,1,2,1,121,At risk
16437.0,381,2,301.25,1,1,1,111,Hibernating / lost
16438.0,5,5,798.35,3,2,2,322,Potential loyalists
16439.0,722,1,310.70000000000005,1,1,1,111,Hibernating / lost
16440.0,7,6,3856.9700000000003,3,3,3,333,Champions
16441.0,67,5,1034.43,2,2,2,222,Others
16442.0,1,5,899.47,3,2,2,322,Potential loyalists
16443.0,520,1,162.24,1,1,1,111,Hibernating / lost
16444.0,46,17,3656.58,2,3,3,233,Loyal customers
16445.0,33,4,602.73,3,2,2,322,Potential loyalists
16446.0,0,2,168472.5,3,1,3,313,Potential loyalists
16447.0,135,3,775.14,2,2,2,222,Others
16448.0,198,2,367.87,2,1,1,211,Others
16449.0,197,2,707.69,2,1,2,212,Others
16450.0,149,3,1505.73,2,2,2,222,Others
16451.0,87,3,1013.15,2,2,2,222,Others
16452.0,630,2,332.17,1,1,1,111,Hibernating / lost
16453.0,530,2,251.71,1,1,1,111,Hibernating / lost
16454.0,44,4,30.950000000000003,2,2,1,221,Others
16455.0,63,11,4384.37,2,3,3,233,Loyal customers
16456.0,99,13,6862.91,2,3,3,233,Loyal customers
16457.0,218,1,208.36,2,1,1,211,Others
16458.0,2,30,5715.34,3,3,3,333,Champions
16459.0,729,1,71.78999999999999,1,1,1,111,Hibernating / lost
16460.0,28,3,814.72,3,2,2,322,Potential loyalists
16461.0,177,3,1615.22,2,2,2,222,Others
16462.0,73,3,136.0,2,2,1,221,Others
16463.0,21,4,1422.4,3,2,2,322,Potential loyalists
16464.0,19,3,1314.68,3,2,2,322,Potential loyalists
16465.0,420,2,746.24,1,1,2,112,Hibernating / lost
16466.0,33,15,3838.59,3,3,3,333,Champions
16467.0,508,7,2869.16,1,3,3,133,At risk
16468.0,74,3,787.52,2,2,2,222,Others
16469.0,23,5,828.91,3,2,2,322,Potential loyalists
16470.0,51,11,2458.6,2,3,3,233,Loyal customers
16471.0,274,4,1189.98,1,2,2,122,At risk
16472.0,434,2,789.6,1,1,2,112,Hibernating / lost
16473.0,164,4,470.83,2,2,2,222,Others
16474.0,7,7,1871.5,3,3,3,333,Champions
16475.0,88,4,544.3,2,2,2,222,Others
16476.0,431,1,350.35,1,1,1,111,Hibernating / lost
16477.0,63,11,4320.02,2,3,3,233,Loyal customers
16478.0,25,3,331.0,3,2,1,321,Potential loyalists
16479.0,10,2,300.83,3,1,1,311,New customers
16480.0,75,1,769.29,2,1,2,212,Others
16481.0,682,1,453.38,1,1,1,111,Hibernating / lost
16482.0,15,1,220.62,3,1,1,311,New customers
16483.0,192,1,139.35,2,1,1,211,Others
16484.0,173,2,404.3,2,1,1,211,Others
16485.0,77,5,2294.68,2,2,3,223,Others
16486.0,537,1,134.36,1,1,1,111,Hibernating / lost
16487.0,577,2,209.4,1,1,1,111,Hibernating / lost
16488.0,33,3,498.8,3,2,2,322,Potential loyalists
16489.0,380,2,303.7,1,1,1,111,Hibernating / lost
16490.0,436,1,205.41000000000003,1,1,1,111,Hibernating / lost
16491.0,46,2,1533.16,2,1,2,212,Others
16492.0,540,1,385.56,1,1,1,111,Hibernating / lost
16493.0,79,7,2132.09,2,3,3,233,Loyal customers
16494.0,296,1,826.53,1,1,2,112,Hibernating / lost
16495.0,3,3,684.41,3,2,2,322,Potential loyalists
16496.0,8,6,2330.77,3,3,3,333,Champions
16497.0,49,23,6695.28,2,3,3,233,Loyal customers
16498.0,161,2,100.97,2,1,1,211,Others
16499.0,360,8,2578.34,1,3,3,133,At risk
16500.0,4,9,843.9100000000001,3,3,2,332,Loyal customers
16501.0,383,1,1237.23,1,1,2,112,Hibernating / lost
16502.0,620,2,266.5,1,1,1,111,Hibernating / lost
16503.0,106,11,3614.34,2,3,3,233,Loyal customers
16504.0,25,1,484.38,3,1,2,312,Potential loyalists
16505.0,31,1,777.6,3,1,2,312,Potential loyalists
16506.0,19,2,90.30000000000001,3,1,1,311,New customers
16507.0,572,1,152.76,1,1,1,111,Hibernating / lost
16508.0,630,1,248.8,1,1,1,111,Hibernating / lost
16509.0,296,1,363.7,1,1,1,111,Hibernating / lost
16510.0,372,6,2100.0,1,3,3,133,At risk
16511.0,21,6,1819.02,3,3,3,333,Champions
16513.0,4,4,874.59,3,2,2,322,Potential loyalists
16515.0,52,10,3216.3,2,3,3,233,Loyal customers
16516.0,30,1,101.69999999999999,3,1,1,311,New customers
16517.0,277,1,162.7,1,1,1,111,Hibernating / lost
16518.0,61,4,959.37,2,2,2,222,Others
16519.0,25,4,556.26,3,2,2,322,Potential loyalists
16520.0,186,6,2482.62,2,3,3,233,Loyal customers
16521.0,415,3,1148.01,1,2,2,122,At risk
16522.0,435,2,433.36,1,1,1,111,Hibernating / lost
16523.0,1,28,11916.33,3,3,3,333,Champions
16524.0,446,2,308.14,1,1,1,111,Hibernating / lost
16525.0,2,48,24582.64,3,3,3,333,Champions
16526.0,171,2,717.21,2,1,2,212,Others
16527.0,81,2,1272.44,2,1,2,212,Others
16528.0,3,1,244.41,3,1,1,311,New customers
16529.0,190,4,2012.0,2,2,3,223,Others
16530.0,668,1,48.349999999999994,1,1,1,111,Hibernating / lost
16531.0,22,11,2298.33,3,3,3,333,Champions
16532.0,17,5,8756.64,3,2,3,323,Potential loyalists
16533.0,19,3,1095.56,3,2,2,322,Potential loyalists
16534.0,642,1,635.9,1,1,2,112,Hibernating / lost
16535.0,5,3,1001.59,3,2,2,322,Potential loyalists
16536.0,110,1,548.97,2,1,2,212,Others
16537.0,641,1,23.35,1,1,1,111,Hibernating / lost
16538.0,541,3,399.62,1,2,1,121,At risk
16539.0,2,10,3732.01,3,3,3,333,Champions
16540.0,414,1,226.70000000000002,1,1,1,111,Hibernating / lost
16541.0,735,1,424.03,1,1,1,111,Hibernating / lost
16542.0,53,2,257.32,2,1,1,211,Others
16543.0,591,1,292.21,1,1,1,111,Hibernating / lost
16544.0,519,4,376.70000000000005,1,2,1,121,At risk
16545.0,164,2,689.82,2,1,2,212,Others
16546.0,290,5,5606.47,1,2,3,123,At risk
16547.0,546,1,111.71,1,1,1,111,Hibernating / lost
16548.0,599,1,30.15,1,1,1,111,Hibernating / lost
16549.0,10,34,13182.19,3,3,3,333,Champions
16550.0,108,18,9435.13,2,3,3,233,Loyal customers
16551.0,95,7,2237.12,2,3,3,233,Loyal customers
16552.0,242,2,475.02000000000004,2,1,2,212,Others
16553.0,163,33,16644.01,2,3,3,233,Loyal customers
16554.0,42,8,2841.72,2,3,3,233,Loyal customers
16555.0,35,6,1915.68,3,3,3,333,Champions
16556.0,66,17,8012.58,2,3,3,233,Loyal customers
16557.0,24,2,281.85,3,1,1,311,New customers
16558.0,0,38,13873.51,3,3,3,333,Champions
16559.0,397,1,185.20000000000002,1,1,1,111,Hibernating / lost
16560.0,26,8,3048.38,3,3,3,333,Champions
16561.0,5,2,511.12,3,1,2,312,Potential loyalists
16562.0,476,1,223.85999999999999,1,1,1,111,Hibernating / lost
16563.0,53,6,4422.76,2,3,3,233,Loyal customers
16564.0,569,1,87.8,1,1,1,111,Hibernating / lost
16565.0,364,4,773.05,1,2,2,122,At risk
16566.0,15,5,614.66,3,2,2,322,Potential loyalists
16567.0,194,2,865.6,2,1,2,212,Others
16568.0,427,2,1020.9000000000001,1,1,2,112,Hibernating / lost
16569.0,3,5,1455.23,3,2,2,322,Potential loyalists
16570.0,15,20,7434.31,3,3,3,333,Champions
16571.0,26,10,4248.74,3,3,3,333,Champions
16572.0,127,3,1009.6,2,2,2,222,Others
16573.0,84,2,663.61,2,1,2,212,Others
16574.0,71,3,1301.78,2,2,2,222,Others
16576.0,420,2,540.87,1,1,2,112,Hibernating / lost
16577.0,666,1,380.0,1,1,1,111,Hibernating / lost
16578.0,626,1,156.6,1,1,1,111,Hibernating / lost
16579.0,425,1,295.05,1,1,1,111,Hibernating / lost
16581.0,182,1,105.84,2,1,1,211,Others
16582.0,113,1,313.62,2,1,1,211,Others
16583.0,373,2,531.4,1,1,2,112,Hibernating / lost
16584.0,80,5,3163.67,2,2,3,223,Others
16585.0,593,2,341.59,1,1,1,111,Hibernating / lost
16586.0,248,3,1462.78,2,2,2,222,Others
16587.0,232,1,225.15,2,1,1,211,Others
16588.0,386,4,1361.28,1,2,2,122,At risk
16589.0,71,4,612.36,2,2,2,222,Others
16590.0,400,2,605.9,1,1,2,112,Hibernating / lost
16591.0,68,1,213.5,2,1,1,211,Others
16592.0,4,28,7807.91,3,3,3,333,Champions
16593.0,50,8,1071.1399999999999,2,3,2,232,Loyal customers
16594.0,75,1,181.09,2,1,1,211,Others
16595.0,61,5,1810.18,2,2,3,223,Others
16596.0,15,4,579.63,3,2,2,322,Potential loyalists
16597.0,4,1,90.04,3,1,1,311,New customers
16598.0,285,1,145.04999999999998,1,1,1,111,Hibernating / lost
16599.0,385,1,172.8,1,1,1,111,Hibernating / lost
16600.0,4,13,2153.41,3,3,3,333,Champions
16601.0,40,3,684.25,3,2,2,322,Potential loyalists
16602.0,36,2,763.33,3,1,2,312,Potential loyalists
16603.0,74,2,482.47,2,1,2,212,Others
16604.0,562,2,432.45,1,1,1,111,Hibernating / lost
16605.0,724,1,60.48,1,1,1,111,Hibernating / lost
16606.0,404,2,357.66,1,1,1,111,Hibernating / lost
16607.0,17,25,5706.87,3,3,3,333,Champions
16608.0,453,2,1288.72,1,1,2,112,Hibernating / lost
16609.0,15,7,5493.46,3,3,3,333,Champions
16610.0,219,1,75.66,2,1,1,211,Others
16611.0,186,6,1785.13,2,3,3,233,Loyal customers
16612.0,32,9,3245.43,3,3,3,333,Champions
16613.0,70,1,618.59,2,1,2,212,Others
16614.0,182,3,1179.79,2,2,2,222,Others
16615.0,626,1,291.5,1,1,1,111,Hibernating / lost
16616.0,15,2,500.42,3,1,2,312,Potential loyalists
16617.0,235,1,151.85,2,1,1,211,Others
16618.0,31,5,2647.59,3,2,3,323,Potential loyalists
16619.0,263,4,1938.33,2,2,3,223,Others
16620.0,3,6,1758.93,3,3,3,333,Champions
16621.0,51,4,813.48,2,2,2,222,Others
16622.0,543,1,225.4,1,1,1,111,Hibernating / lost
16623.0,245,4,1015.24,2,2,2,222,Others
16624.0,80,2,810.5699999999999,2,1,2,212,Others
16625.0,274,5,1654.03,1,2,3,123,At risk
16626.0,0,17,4413.1,3,3,3,333,Champions
16627.0,79,1,322.8,2,1,1,211,Others
16628.0,29,7,2318.1,3,3,3,333,Champions
16629.0,73,2,417.73,2,1,1,211,Others
16630.0,407,1,106.80000000000001,1,1,1,111,Hibernating / lost
16631.0,481,7,1892.52,1,3,3,133,At risk
16632.0,485,2,406.4,1,1,1,111,Hibernating / lost
16633.0,17,6,2883.1,3,3,3,333,Champions
16634.0,222,6,1814.61,2,3,3,233,Loyal customers
16635.0,406,1,473.0,1,1,2,112,Hibernating / lost
16636.0,438,4,3802.04,1,2,3,123,At risk
16637.0,32,4,1154.47,3,2,2,322,Potential loyalists
16638.0,22,15,2430.53,3,3,3,333,Champions
16639.0,31,4,1747.98,3,2,3,323,Potential loyalists
16640.0,397,1,179.4,1,1,1,111,Hibernating / lost
16641.0,105,2,554.5,2,1,2,212,Others
16642.0,4,3,1077.45,3,2,2,322,Potential loyalists
16643.0,245,2,923.11,2,1,2,212,Others
16644.0,177,2,833.78,2,1,2,212,Others
16645.0,735,1,160.39,1,1,1,111,Hibernating / lost
16646.0,449,1,678.8,1,1,2,112,Hibernating / lost
16647.0,169,4,541.9,2,2,2,222,Others
16648.0,42,3,672.8,2,2,2,222,Others
16649.0,520,1,306.58000000000004,1,1,1,111,Hibernating / lost
16650.0,71,7,1916.11,2,3,3,233,Loyal customers
16651.0,586,1,136.2,1,1,1,111,Hibernating / lost
16652.0,58,16,17550.39,2,3,3,233,Loyal customers
16653.0,16,2,1212.66,3,1,2,312,Potential loyalists
16654.0,141,8,1711.47,2,3,3,233,Loyal customers
16655.0,17,13,6548.37,3,3,3,333,Champions
16656.0,22,30,16833.170000000002,3,3,3,333,Champions
16657.0,9,4,933.62,3,2,2,322,Potential loyalists
16658.0,368,6,814.07,1,3,2,132,At risk
16659.0,189,1,39.12,2,1,1,211,Others
16660.0,16,7,1879.55,3,3,3,333,Champions
16661.0,540,4,986.63,1,2,2,122,At risk
16662.0,394,1,163.8,1,1,1,111,Hibernating / lost
16663.0,729,1,165.0,1,1,1,111,Hibernating / lost
16664.0,569,1,109.2,1,1,1,111,Hibernating / lost
16665.0,362,1,135.39999999999998,1,1,1,111,Hibernating / lost
16666.0,19,2,225.94,3,1,1,311,New customers
16667.0,68,2,570.13,2,1,2,212,Others
16668.0,15,13,862.42,3,3,2,332,Loyal customers
16669.0,23,3,1374.8700000000001,3,2,2,322,Potential loyalists
16670.0,16,20,8030.150000000001,3,3,3,333,Champions
16671.0,28,3,1692.27,3,2,3,323,Potential loyalists
16672.0,2,20,8134.9400000000005,3,3,3,333,Champions
16673.0,679,1,188.83,1,1,1,111,Hibernating / lost
16674.0,54,2,319.61,2,1,1,211,Others
16675.0,441,2,608.86,1,1,2,112,Hibernating / lost
16676.0,33,6,2361.9,3,3,3,333,Champions
16677.0,411,2,880.62,1,1,2,112,Hibernating / lost
16678.0,2,12,3109.99,3,3,3,333,Champions
16679.0,366,3,793.06,1,2,2,122,At risk
16680.0,43,3,821.45,2,2,2,222,Others
16681.0,72,7,1921.84,2,3,3,233,Loyal customers
16682.0,4,5,1028.0,3,2,2,322,Potential loyalists
16683.0,533,1,320.25,1,1,1,111,Hibernating / lost
16684.0,4,55,147142.77,3,3,3,333,Champions
16685.0,61,2,324.24,2,1,1,211,Others
16686.0,47,16,5070.92,2,3,3,233,Loyal customers
16687.0,390,1,157.63,1,1,1,111,Hibernating / lost
16688.0,1,4,1260.86,3,2,2,322,Potential loyalists
16689.0,75,2,422.59999999999997,2,1,1,211,Others
16690.0,72,4,353.03,2,2,1,221,Others
16691.0,418,2,178.83,1,1,1,111,Hibernating / lost
16692.0,256,4,1914.6999999999998,2,2,3,223,Others
16693.0,68,5,1199.46,2,2,2,222,Others
16694.0,723,1,98.30000000000001,1,1,1,111,Hibernating / lost
16695.0,561,2,193.15,1,1,1,111,Hibernating / lost
16696.0,135,4,657.9000000000001,2,2,2,222,Others
16697.0,241,1,112.75,2,1,1,211,Others
16698.0,226,2,1998.0,2,1,3,213,Others
16699.0,380,7,994.6,1,3,2,132,At risk
16700.0,8,25,9167.710000000001,3,3,3,333,Champions
16701.0,8,26,9916.73,3,3,3,333,Champions
16702.0,415,4,1110.83,1,2,2,122,At risk
16704.0,618,2,695.66,1,1,2,112,Hibernating / lost
16705.0,0,42,43515.051,3,3,3,333,Champions
16706.0,37,3,531.35,3,2,2,322,Potential loyalists
16707.0,400,4,551.11,1,2,2,122,At risk
16708.0,45,1,656.63,2,1,2,212,Others
16709.0,84,14,9087.460000000001,2,3,3,233,Loyal customers
16710.0,19,22,6349.09,3,3,3,333,Champions
16711.0,3,9,2868.48,3,3,3,333,Champions
16712.0,9,13,4266.99,3,3,3,333,Champions
16713.0,18,32,14560.69,3,3,3,333,Champions
16714.0,218,4,1529.8,2,2,2,222,Others
16715.0,78,2,625.52,2,1,2,212,Others
16716.0,266,3,2149.6800000000003,1,2,3,123,At risk
16717.0,23,14,6986.2300000000005,3,3,3,333,Champions
16718.0,369,5,3647.53,1,2,3,123,At risk
16719.0,14,14,3973.3,3,3,3,333,Champions
16720.0,26,3,795.48,3,2,2,322,Potential loyalists
16721.0,262,1,292.47,2,1,1,211,Others
16722.0,17,22,8989.08,3,3,3,333,Champions
16723.0,91,4,1301.63,2,2,2,222,Others
16724.0,404,1,147.35,1,1,1,111,Hibernating / lost
16725.0,302,14,1882.11,1,3,3,133,At risk
16726.0,26,7,2088.41,3,3,3,333,Champions
16727.0,364,4,1437.42,1,2,2,122,At risk
16728.0,46,4,1054.67,2,2,2,222,Others
16729.0,38,21,7239.92,3,3,3,333,Champions
16730.0,52,3,743.11,2,2,2,222,Others
16731.0,648,1,174.05,1,1,1,111,Hibernating / lost
16732.0,31,4,4387.64,3,2,3,323,Potential loyalists
16733.0,529,1,259.68,1,1,1,111,Hibernating / lost
16734.0,52,3,650.51,2,2,2,222,Others
16735.0,78,14,6270.56,2,3,3,233,Loyal customers
16736.0,505,5,2956.56,1,2,3,123,At risk
16737.0,53,2,835.1999999999999,2,1,2,212,Others
16738.0,297,1,3.75,1,1,1,111,Hibernating / lost
16739.0,176,2,786.43,2,1,2,212,Others
16740.0,395,1,236.81,1,1,1,111,Hibernating / lost
16741.0,625,1,173.06,1,1,1,111,Hibernating / lost
16742.0,46,14,2852.6099999999997,2,3,3,233,Loyal customers
16743.0,29,14,4253.26,3,3,3,333,Champions
16744.0,11,7,1304.76,3,3,2,332,Loyal customers
16745.0,86,17,7194.3,2,3,3,233,Loyal customers
16746.0,4,42,18066.4,3,3,3,333,Champions
16747.0,37,2,836.06,3,1,2,312,Potential loyalists
16748.0,17,14,3637.33,3,3,3,333,Champions
16749.0,591,2,4387.08,1,1,3,113,Hibernating / lost
16750.0,44,5,623.93,2,2,2,222,Others
16751.0,30,1,1764.72,3,1,3,313,Potential loyalists
16752.0,372,1,415.0,1,1,1,111,Hibernating / lost
16753.0,58,1,223.92000000000002,2,1,1,211,Others
16754.0,372,29,67502.47,1,3,3,133,At risk
16755.0,114,7,2900.58,2,3,3,233,Loyal customers
16756.0,214,7,1312.3700000000001,2,3,2,232,Loyal customers
16757.0,318,2,270.48,1,1,1,111,Hibernating / lost
16758.0,65,1,369.34000000000003,2,1,1,211,Others
16759.0,7,3,789.79,3,2,2,322,Potential loyalists
16760.0,430,1,228.0,1,1,1,111,Hibernating / lost
16761.0,96,1,316.62,2,1,1,211,Others
16762.0,19,3,1501.38,3,2,2,322,Potential loyalists
16763.0,198,2,964.6999999999999,2,1,2,212,Others
16764.0,3,13,2799.25,3,3,3,333,Champions
16765.0,294,2,454.75,1,1,1,111,Hibernating / lost
16766.0,273,2,1145.6,1,1,2,112,Hibernating / lost
16767.0,30,15,8073.8,3,3,3,333,Champions
16768.0,47,9,1708.12,2,3,3,233,Loyal customers
16769.0,260,4,1141.75,2,2,2,222,Others
16770.0,57,9,1932.13,2,3,3,233,Loyal customers
16771.0,33,10,3967.6,3,3,3,333,Champions
16772.0,423,3,3723.5499999999997,1,2,3,123,At risk
16773.0,57,3,421.24,2,2,1,221,Others
16774.0,67,8,1594.45,2,3,2,232,Loyal customers
16775.0,10,16,3056.89,3,3,3,333,Champions
16776.0,60,2,619.85,2,1,2,212,Others
16777.0,80,5,1307.76,2,2,2,222,Others
16778.0,74,2,245.94,2,1,1,211,Others
16779.0,2,53,33268.24,3,3,3,333,Champions
16780.0,100,3,605.55,2,2,2,222,Others
16781.0,372,2,934.25,1,1,2,112,Hibernating / lost
16782.0,10,38,10438.41,3,3,3,333,Champions
16783.0,436,1,391.95,1,1,1,111,Hibernating / lost
16784.0,19,5,896.53,3,2,2,322,Potential loyalists
16785.0,409,1,533.78,1,1,2,112,Hibernating / lost
16786.0,393,1,51.839999999999996,1,1,1,111,Hibernating / lost
16787.0,397,4,1035.43,1,2,2,122,At risk
16788.0,123,5,1950.3,2,2,3,223,Others
16789.0,8,1,80.8,3,1,1,311,New customers
16790.0,3,6,1545.6200000000001,3,3,2,332,Loyal customers
16791.0,29,15,4038.69,3,3,3,333,Champions
16792.0,282,5,623.46,1,2,2,122,At risk
16793.0,57,1,243.84,2,1,1,211,Others
16794.0,1,15,2090.91,3,3,3,333,Champions
16795.0,365,3,2492.39,1,2,3,123,At risk
16796.0,89,1,305.62,2,1,1,211,Others
16797.0,393,5,1827.77,1,2,3,123,At risk
16798.0,554,3,848.71,1,2,2,122,At risk
16799.0,432,2,495.98,1,1,2,112,Hibernating / lost
16800.0,11,1,1201.49,3,1,2,312,Potential loyalists
16801.0,163,4,1619.73,2,2,2,222,Others
16802.0,679,2,582.61,1,1,2,112,Hibernating / lost
16803.0,65,1,332.3,2,1,1,211,Others
16804.0,23,3,536.99,3,2,2,322,Potential loyalists
16805.0,173,5,1097.24,2,2,2,222,Others
16806.0,103,4,801.49,2,2,2,222,Others
16807.0,142,6,2123.88,2,3,3,233,Loyal customers
16808.0,99,2,288.42,2,1,1,211,Others
16809.0,23,9,1727.43,3,3,3,333,Champions
16810.0,192,2,842.0400000000001,2,1,2,212,Others
16811.0,4,2,547.07,3,1,2,312,Potential loyalists
16812.0,360,4,2392.0,1,2,3,123,At risk
16813.0,8,10,1692.98,3,3,3,333,Champions
16814.0,14,36,12499.710000000001,3,3,3,333,Champions
16815.0,453,2,410.97,1,1,1,111,Hibernating / lost
16816.0,103,4,417.06,2,2,1,221,Others
16817.0,2,13,2804.9,3,3,3,333,Champions
16818.0,10,11,3349.57,3,3,3,333,Champions
16819.0,465,2,182.59,1,1,1,111,Hibernating / lost
16820.0,95,1,497.61,2,1,2,212,Others
16821.0,381,1,113.35,1,1,1,111,Hibernating / lost
16822.0,686,1,181.39,1,1,1,111,Hibernating / lost
16823.0,227,7,2260.09,2,3,3,233,Loyal customers
16824.0,15,3,686.24,3,2,2,322,Potential loyalists
16825.0,38,5,1826.89,3,2,3,323,Potential loyalists
16826.0,51,1,341.7,2,1,1,211,Others
16827.0,393,5,392.13,1,2,1,121,At risk
16828.0,93,2,128.5,2,1,1,211,Others
16829.0,156,2,513.32,2,1,2,212,Others
16830.0,38,4,1207.5,3,2,2,322,Potential loyalists
16831.0,564,1,91.8,1,1,1,111,Hibernating / lost
16832.0,184,5,417.61,2,2,1,221,Others
16833.0,1,6,2409.04,3,3,3,333,Champions
16834.0,227,2,898.96,2,1,2,212,Others
16835.0,128,6,1538.41,2,3,2,232,Loyal customers
16836.0,39,4,782.37,3,2,2,322,Potential loyalists
16837.0,31,11,3170.98,3,3,3,333,Champions
16838.0,197,4,1159.61,2,2,2,222,Others
16839.0,8,44,22310.49,3,3,3,333,Champions
16840.0,603,2,139.85,1,1,1,111,Hibernating / lost
16841.0,36,12,4006.06,3,3,3,333,Champions
16842.0,100,3,1264.19,2,2,2,222,Others
16843.0,42,35,19571.43,2,3,3,233,Loyal customers
16844.0,562,2,614.34,1,1,2,112,Hibernating / lost
16845.0,618,1,253.88,1,1,1,111,Hibernating / lost
16846.0,50,3,842.41,2,2,2,222,Others
16847.0,43,2,614.89,2,1,2,212,Others
16848.0,52,4,1411.62,2,2,2,222,Others
16849.0,186,1,124.57,2,1,1,211,Others
16850.0,333,1,332.41,1,1,1,111,Hibernating / lost
16851.0,4,3,342.45,3,2,1,321,Potential loyalists
16852.0,10,2,144.91000000000003,3,1,1,311,New customers
16854.0,417,2,1408.96,1,1,2,112,Hibernating / lost
16855.0,23,2,328.4,3,1,1,311,New customers
16856.0,14,3,358.49,3,2,1,321,Potential loyalists
16857.0,442,1,352.8,1,1,1,111,Hibernating / lost
16858.0,368,10,4668.28,1,3,3,133,At risk
16859.0,144,7,1932.41,2,3,3,233,Loyal customers
16860.0,452,3,1610.62,1,2,2,122,At risk
16861.0,59,5,946.59,2,2,2,222,Others
16862.0,547,4,662.33,1,2,2,122,At risk
16863.0,31,3,998.52,3,2,2,322,Potential loyalists
16864.0,434,2,409.25,1,1,1,111,Hibernating / lost
16865.0,401,1,130.95,1,1,1,111,Hibernating / lost
16866.0,140,3,207.73999999999998,2,2,1,221,Others
16867.0,689,1,76.74000000000001,1,1,1,111,Hibernating / lost
16868.0,394,3,393.39,1,2,1,121,At risk
16869.0,22,4,825.42,3,2,2,322,Potential loyalists
16870.0,469,1,450.15999999999997,1,1,1,111,Hibernating / lost
16871.0,22,6,2812.34,3,3,3,333,Champions
16872.0,77,6,1213.13,2,3,2,232,Loyal customers
16873.0,4,12,14617.39,3,3,3,333,Champions
16874.0,379,1,217.74,1,1,1,111,Hibernating / lost
16875.0,67,11,4234.53,2,3,3,233,Loyal customers
16876.0,403,1,136.01,1,1,1,111,Hibernating / lost
16877.0,12,6,853.72,3,3,2,332,Loyal customers
16878.0,84,1,13.3,2,1,1,211,Others
16880.0,30,8,1840.86,3,3,3,333,Champions
16881.0,66,1,432.0,2,1,1,211,Others
16882.0,66,3,705.12,2,2,2,222,Others
16883.0,187,19,2396.59,2,3,3,233,Loyal customers
16884.0,37,4,1073.92,3,2,2,322,Potential loyalists
16885.0,15,4,710.74,3,2,2,322,Potential loyalists
16886.0,456,1,134.0,1,1,1,111,Hibernating / lost
16887.0,35,3,660.72,3,2,2,322,Potential loyalists
16888.0,400,3,437.15,1,2,1,121,At risk
16889.0,194,6,2530.9,2,3,3,233,Loyal customers
16890.0,476,3,285.41,1,2,1,121,At risk
16891.0,1,11,2056.82,3,3,3,333,Champions
16892.0,1,7,762.1,3,3,2,332,Loyal customers
16893.0,366,2,401.77,1,1,1,111,Hibernating / lost
16894.0,502,3,1324.06,1,2,2,122,At risk
16895.0,64,5,1121.42,2,2,2,222,Others
16896.0,555,1,103.95,1,1,1,111,Hibernating / lost
16897.0,299,2,289.78,1,1,1,111,Hibernating / lost
16898.0,26,5,1016.37,3,2,2,322,Potential loyalists
16899.0,7,8,1721.02,3,3,3,333,Champions
16900.0,16,3,887.11,3,2,2,322,Potential loyalists
16901.0,729,1,204.26,1,1,1,111,Hibernating / lost
16902.0,116,1,1706.88,2,1,3,213,Others
16903.0,29,3,1062.28,3,2,2,322,Potential loyalists
16904.0,4,21,5132.37,3,3,3,333,Champions
16905.0,5,17,5034.15,3,3,3,333,Champions
16906.0,81,7,1448.8,2,3,2,232,Loyal customers
16907.0,29,9,1707.9,3,3,3,333,Champions
16908.0,722,1,252.59,1,1,1,111,Hibernating / lost
16909.0,72,1,379.14,2,1,1,211,Others
16910.0,4,8,1510.06,3,3,2,332,Loyal customers
16911.0,635,2,255.25,1,1,1,111,Hibernating / lost
16912.0,28,15,4480.31,3,3,3,333,Champions
16913.0,290,3,423.90999999999997,1,2,1,121,At risk
16914.0,36,1,208.46,3,1,1,311,New customers
16915.0,9,11,1543.18,3,3,2,332,Loyal customers
16916.0,23,4,1123.4,3,2,2,322,Potential loyalists
16917.0,276,2,1857.83,1,1,3,113,Hibernating / lost
16918.0,49,16,3213.29,2,3,3,233,Loyal customers
16919.0,156,24,5125.91,2,3,3,233,Loyal customers
16920.0,411,1,355.45,1,1,1,111,Hibernating / lost
16921.0,61,3,446.67,2,2,1,221,Others
16922.0,572,1,611.08,1,1,2,112,Hibernating / lost
16923.0,12,32,13378.36,3,3,3,333,Champions
16924.0,21,3,846.75,3,2,2,322,Potential loyalists
16925.0,540,1,125.65,1,1,1,111,Hibernating / lost
16926.0,371,5,1421.35,1,2,2,122,At risk
16927.0,115,3,543.05,2,2,2,222,Others
16928.0,80,29,4113.23,2,3,3,233,Loyal customers
16929.0,3,7,1295.39,3,3,2,332,Loyal customers
16930.0,26,3,380.55,3,2,1,321,Potential loyalists
16931.0,5,23,5233.62,3,3,3,333,Champions
16932.0,53,3,440.71,2,2,1,221,Others
16933.0,1,9,3181.25,3,3,3,333,Champions
16934.0,54,6,2110.9900000000002,2,3,3,233,Loyal customers
16935.0,381,3,535.1,1,2,2,122,At risk
16936.0,25,2,551.17,3,1,2,312,Potential loyalists
16937.0,499,1,202.1,1,1,1,111,Hibernating / lost
16938.0,8,9,7043.18,3,3,3,333,Champions
16939.0,488,3,449.0,1,2,1,121,At risk
16940.0,52,8,6427.66,2,3,3,233,Loyal customers
16941.0,611,1,33.0,1,1,1,111,Hibernating / lost
16942.0,12,9,1920.59,3,3,3,333,Champions
16943.0,211,5,1299.49,2,2,2,222,Others
16944.0,609,1,101.36,1,1,1,111,Hibernating / lost
16945.0,21,33,8548.16,3,3,3,333,Champions
16946.0,383,5,1222.04,1,2,2,122,At risk
16947.0,235,5,955.21,2,2,2,222,Others
16948.0,138,7,868.77,2,3,2,232,Loyal customers
16949.0,3,6,1286.27,3,3,2,332,Loyal customers
16950.0,56,10,3784.37,2,3,3,233,Loyal customers
16951.0,134,3,1277.75,2,2,2,222,Others
16952.0,109,5,798.78,2,2,2,222,Others
16953.0,30,1,20.8,3,1,1,311,New customers
16954.0,0,20,6081.88,3,3,3,333,Champions
16955.0,184,6,1309.41,2,3,2,232,Loyal customers
16956.0,17,1,308.74,3,1,1,311,New customers
16957.0,239,2,416.64,2,1,1,211,Others
16958.0,435,1,809.44,1,1,2,112,Hibernating / lost
16959.0,87,1,117.35000000000001,2,1,1,211,Others
16960.0,38,8,2043.43,3,3,3,333,Champions
16961.0,116,3,794.56,2,2,2,222,Others
16962.0,409,1,251.04,1,1,1,111,Hibernating / lost
16963.0,187,1,110.55000000000001,2,1,1,211,Others
16964.0,733,2,207.85,1,1,1,111,Hibernating / lost
16965.0,226,1,201.19,2,1,1,211,Others
16966.0,8,7,2154.97,3,3,3,333,Champions
16967.0,189,1,319.02,2,1,1,211,Others
16968.0,4,2,439.43,3,1,1,311,New customers
16969.0,39,3,650.41,3,2,2,322,Potential loyalists
16970.0,626,1,71.4,1,1,1,111,Hibernating / lost
16971.0,38,1,357.21,3,1,1,311,New customers
16972.0,382,2,786.25,1,1,2,112,Hibernating / lost
16973.0,386,1,127.0,1,1,1,111,Hibernating / lost
16974.0,522,2,365.5,1,1,1,111,Hibernating / lost
16975.0,423,3,926.12,1,2,2,122,At risk
16976.0,267,1,251.51999999999998,1,1,1,111,Hibernating / lost
16977.0,395,4,496.0,1,2,2,122,At risk
16978.0,77,3,768.88,2,2,2,222,Others
16979.0,3,9,2859.74,3,3,3,333,Champions
16980.0,255,3,1473.3300000000002,2,2,2,222,Others
16982.0,60,1,384.06,2,1,1,211,Others
16983.0,12,11,3710.22,3,3,3,333,Champions
16984.0,88,9,10754.8,2,3,3,233,Loyal customers
16985.0,17,23,10923.16,3,3,3,333,Champions
16986.0,29,11,4888.75,3,3,3,333,Champions
16987.0,3,11,2535.9,3,3,3,333,Champions
16988.0,5,2,382.67,3,1,1,311,New customers
16989.0,7,6,1133.25,3,3,2,332,Loyal customers
16990.0,218,2,344.0,2,1,1,211,Others
16991.0,421,1,1041.21,1,1,2,112,Hibernating / lost
16992.0,10,13,5476.5,3,3,3,333,Champions
16993.0,463,2,1950.9499999999998,1,1,3,113,Hibernating / lost
16996.0,30,9,2123.61,3,3,3,333,Champions
16997.0,288,3,702.0,1,2,2,122,At risk
16998.0,149,5,402.0,2,2,1,221,Others
16999.0,23,2,484.82,3,1,2,312,Potential loyalists
17000.0,396,2,406.3,1,1,1,111,Hibernating / lost
17001.0,0,19,6640.8,3,3,3,333,Champions
17002.0,85,7,2571.55,2,3,3,233,Loyal customers
17003.0,402,4,830.16,1,2,2,122,At risk
17004.0,46,4,2425.16,2,2,3,223,Others
17005.0,470,2,742.36,1,1,2,112,Hibernating / lost
17006.0,4,8,1636.32,3,3,3,333,Champions
17007.0,50,7,1120.1,2,3,2,232,Loyal customers
17008.0,429,1,81.36,1,1,1,111,Hibernating / lost
17009.0,551,1,242.06,1,1,1,111,Hibernating / lost
17010.0,18,1,195.36,3,1,1,311,New customers
17011.0,30,3,671.7,3,2,2,322,Potential loyalists
17012.0,725,1,384.16,1,1,1,111,Hibernating / lost
17014.0,8,3,586.33,3,2,2,322,Potential loyalists
17015.0,28,3,1842.56,3,2,3,323,Potential loyalists
17016.0,576,1,552.4,1,1,2,112,Hibernating / lost
17017.0,2,29,14110.61,3,3,3,333,Champions
17018.0,40,6,2287.7,3,3,3,333,Champions
17019.0,11,11,4012.2,3,3,3,333,Champions
17020.0,542,2,935.62,1,1,2,112,Hibernating / lost
17021.0,442,6,1182.22,1,3,2,132,At risk
17022.0,31,2,260.0,3,1,1,311,New customers
17023.0,417,3,800.18,1,2,2,122,At risk
17024.0,45,3,95.85,2,2,1,221,Others
17025.0,60,5,1510.6399999999999,2,2,2,222,Others
17026.0,185,3,208.98,2,2,1,221,Others
17027.0,78,9,1327.1100000000001,2,3,2,232,Loyal customers
17028.0,581,3,1593.83,1,2,2,122,At risk
17029.0,110,7,2137.3,2,3,3,233,Loyal customers
17030.0,63,1,146.87,2,1,1,211,Others
17031.0,11,6,2773.85,3,3,3,333,Champions
17032.0,547,8,3004.6,1,3,3,133,At risk
17033.0,86,4,1332.79,2,2,2,222,Others
17034.0,16,5,1283.92,3,2,2,322,Potential loyalists
17035.0,245,4,613.59,2,2,2,222,Others
17036.0,383,1,176.9,1,1,1,111,Hibernating / lost
17037.0,87,1,1267.32,2,1,2,212,Others
17038.0,30,2,743.17,3,1,2,312,Potential loyalists
17039.0,604,1,1954.99,1,1,3,113,Hibernating / lost
17040.0,137,2,463.25,2,1,1,211,Others
17041.0,26,6,1686.28,3,3,3,333,Champions
17042.0,2,5,1044.3799999999999,3,2,2,322,Potential loyalists
17043.0,32,8,2616.55,3,3,3,333,Champions
17044.0,25,12,11962.3,3,3,3,333,Champions
17045.0,113,5,827.6800000000001,2,2,2,222,Others
17046.0,157,5,1906.07,2,2,3,223,Others
17047.0,85,6,2289.23,2,3,3,233,Loyal customers
17048.0,117,7,2071.68,2,3,3,233,Loyal customers
17049.0,2,19,9947.48,3,3,3,333,Champions
17050.0,96,11,4691.79,2,3,3,233,Loyal customers
17051.0,194,4,714.39,2,2,2,222,Others
17052.0,28,1,413.75,3,1,1,311,New customers
17053.0,130,1,498.48,2,1,2,212,Others
17054.0,28,5,1356.33,3,2,2,322,Potential loyalists
17055.0,445,1,239.55,1,1,1,111,Hibernating / lost
17056.0,738,1,128.60000000000002,1,1,1,111,Hibernating / lost
17057.0,596,1,294.74,1,1,1,111,Hibernating / lost
17058.0,81,3,1179.89,2,2,2,222,Others
17059.0,29,9,5602.53,3,3,3,333,Champions
17060.0,266,1,234.24,1,1,1,111,Hibernating / lost
17061.0,73,11,5232.2300000000005,2,3,3,233,Loyal customers
17062.0,313,6,1208.22,1,3,2,132,At risk
17063.0,21,13,3638.53,3,3,3,333,Champions
17064.0,58,3,859.35,2,2,2,222,Others
17065.0,637,2,194.7,1,1,1,111,Hibernating / lost
17066.0,726,1,228.34,1,1,1,111,Hibernating / lost
17067.0,724,3,454.54,1,2,1,121,At risk
17068.0,12,47,9161.08,3,3,3,333,Champions
17069.0,28,14,5794.28,3,3,3,333,Champions
17070.0,114,2,445.32,2,1,1,211,Others
17071.0,28,13,3801.2000000000003,3,3,3,333,Champions
17072.0,625,1,282.05,1,1,1,111,Hibernating / lost
17073.0,17,4,1446.09,3,2,2,322,Potential loyalists
17074.0,562,1,203.05,1,1,1,111,Hibernating / lost
17075.0,17,10,2241.73,3,3,3,333,Champions
17076.0,36,6,1242.75,3,3,2,332,Loyal customers
17077.0,578,1,306.0,1,1,1,111,Hibernating / lost
17078.0,36,2,378.2,3,1,1,311,New customers
17079.0,78,1,118.80000000000001,2,1,1,211,Others
17080.0,22,7,957.53,3,3,2,332,Loyal customers
17081.0,25,6,964.39,3,3,2,332,Loyal customers
17082.0,33,6,4732.03,3,3,3,333,Champions
17083.0,109,9,4049.79,2,3,3,233,Loyal customers
17084.0,35,3,5202.97,3,2,3,323,Potential loyalists
17085.0,123,28,7891.41,2,3,3,233,Loyal customers
17086.0,7,6,2050.08,3,3,3,333,Champions
17087.0,737,1,221.53,1,1,1,111,Hibernating / lost
17088.0,28,4,1991.01,3,2,3,323,Potential loyalists
17089.0,386,1,128.45,1,1,1,111,Hibernating / lost
17090.0,4,13,3149.48,3,3,3,333,Champions
17091.0,2,19,7811.1,3,3,3,333,Champions
17092.0,50,11,5594.96,2,3,3,233,Loyal customers
17093.0,592,1,235.88,1,1,1,111,Hibernating / lost
17094.0,322,2,402.20000000000005,1,1,1,111,Hibernating / lost
17095.0,22,7,2572.25,3,3,3,333,Champions
17096.0,15,11,3759.18,3,3,3,333,Champions
17097.0,2,9,1340.45,3,3,2,332,Loyal customers
17098.0,381,3,591.0699999999999,1,2,2,122,At risk
17099.0,533,1,582.17,1,1,2,112,Hibernating / lost
17100.0,18,2,971.74,3,1,2,312,Potential loyalists
17101.0,10,7,2507.05,3,3,3,333,Champions
17102.0,261,1,25.5,2,1,1,211,Others
17103.0,722,1,424.3,1,1,1,111,Hibernating / lost
17104.0,423,1,474.03,1,1,2,112,Hibernating / lost
17105.0,159,2,665.78,2,1,2,212,Others
17106.0,389,1,491.23,1,1,2,112,Hibernating / lost
17107.0,33,10,16075.42,3,3,3,333,Champions
17108.0,663,1,174.95,1,1,1,111,Hibernating / lost
17109.0,29,8,1295.46,3,3,2,332,Loyal customers
17110.0,165,3,510.7,2,2,2,222,Others
17111.0,47,2,476.58,2,1,2,212,Others
17112.0,502,1,205.17,1,1,1,111,Hibernating / lost
17113.0,574,6,2322.59,1,3,3,133,At risk
17114.0,5,8,808.62,3,3,2,332,Loyal customers
17115.0,8,7,2761.4900000000002,3,3,3,333,Champions
17116.0,648,1,389.78,1,1,1,111,Hibernating / lost
17117.0,288,1,116.19999999999999,1,1,1,111,Hibernating / lost
17118.0,317,1,157.02,1,1,1,111,Hibernating / lost
17119.0,3,2,606.91,3,1,2,312,Potential loyalists
17120.0,233,1,307.46,2,1,1,211,Others
17121.0,402,1,314.74,1,1,1,111,Hibernating / lost
17122.0,119,4,570.5,2,2,2,222,Others
17123.0,161,3,977.17,2,2,2,222,Others
17124.0,185,1,298.89,2,1,1,211,Others
17125.0,50,1,259.35,2,1,1,211,Others
17126.0,152,9,2070.44,2,3,3,233,Loyal customers
17127.0,428,5,1155.0300000000002,1,2,2,122,At risk
17128.0,334,1,157.09,1,1,1,111,Hibernating / lost
17129.0,520,1,31.85,1,1,1,111,Hibernating / lost
17131.0,5,5,2463.17,3,2,3,323,Potential loyalists
17132.0,452,2,1272.8,1,1,2,112,Hibernating / lost
17133.0,15,12,14622.33,3,3,3,333,Champions
17134.0,106,3,637.1,2,2,2,222,Others
17135.0,16,10,1954.16,3,3,3,333,Champions
17136.0,662,1,231.68,1,1,1,111,Hibernating / lost
17137.0,416,6,1133.63,1,3,2,132,At risk
17138.0,275,7,4417.27,1,3,3,133,At risk
17139.0,15,25,19584.46,3,3,3,333,Champions
17140.0,247,1,465.32,2,1,1,211,Others
17141.0,418,4,754.33,1,2,2,122,At risk
17142.0,239,4,1283.75,2,2,2,222,Others
17143.0,417,2,924.11,1,1,2,112,Hibernating / lost
17144.0,1,2,984.57,3,1,2,312,Potential loyalists
17145.0,512,4,3120.91,1,2,3,123,At risk
17146.0,105,13,5860.24,2,3,3,233,Loyal customers
17147.0,22,9,3199.95,3,3,3,333,Champions
17148.0,51,1,124.88,2,1,1,211,Others
17149.0,451,1,143.10000000000002,1,1,1,111,Hibernating / lost
17150.0,376,6,1375.65,1,3,2,132,At risk
17151.0,735,1,231.90000000000003,1,1,1,111,Hibernating / lost
17152.0,194,4,2016.5,2,2,3,223,Others
17153.0,24,1,213.78,3,1,1,311,New customers
17154.0,75,1,329.34,2,1,1,211,Others
17155.0,17,7,892.46,3,3,2,332,Loyal customers
17156.0,491,1,591.87,1,1,2,112,Hibernating / lost
17157.0,7,19,5151.9,3,3,3,333,Champions
17158.0,32,5,1980.0,3,2,3,323,Potential loyalists
17159.0,21,5,2099.59,3,2,3,323,Potential loyalists
17160.0,31,17,10209.16,3,3,3,333,Champions
17161.0,444,1,856.01,1,1,2,112,Hibernating / lost
17162.0,28,10,1715.46,3,3,3,333,Champions
17163.0,21,4,699.78,3,2,2,322,Potential loyalists
17164.0,32,7,2467.35,3,3,3,333,Champions
17165.0,284,6,1794.32,1,3,3,133,At risk
17166.0,38,2,206.34,3,1,1,311,New customers
17167.0,379,3,867.11,1,2,2,122,At risk
17168.0,498,1,400.2,1,1,1,111,Hibernating / lost
17169.0,57,3,1156.73,2,2,2,222,Others
17170.0,374,2,178.68,1,1,1,111,Hibernating / lost
17171.0,289,2,384.59,1,1,1,111,Hibernating / lost
17172.0,78,3,956.5699999999999,2,2,2,222,Others
17173.0,5,8,3766.6,3,3,3,333,Champions
17174.0,217,1,59.9,2,1,1,211,Others
17175.0,44,4,1443.69,2,2,2,222,Others
17176.0,201,3,902.3199999999999,2,2,2,222,Others
17177.0,505,1,119.5,1,1,1,111,Hibernating / lost
17178.0,731,1,436.71,1,1,1,111,Hibernating / lost
17179.0,178,6,1507.26,2,3,2,232,Loyal customers
17180.0,56,11,2256.98,2,3,3,233,Loyal customers
17181.0,57,3,465.37,2,2,1,221,Others
17182.0,422,2,321.3,1,1,1,111,Hibernating / lost
17183.0,7,6,3347.31,3,3,3,333,Champions
17184.0,569,2,198.41000000000003,1,1,1,111,Hibernating / lost
17185.0,591,3,229.46,1,2,1,121,At risk
17186.0,46,2,144.0,2,1,1,211,Others
17187.0,226,2,467.71,2,1,1,211,Others
17188.0,11,13,4592.93,3,3,3,333,Champions
17189.0,106,5,957.63,2,2,2,222,Others
17190.0,58,7,1743.04,2,3,3,233,Loyal customers
17191.0,28,15,4836.05,3,3,3,333,Champions
17192.0,536,1,77.83,1,1,1,111,Hibernating / lost
17193.0,35,9,2310.04,3,3,3,333,Champions
17194.0,273,3,812.5,1,2,2,122,At risk
17195.0,655,1,562.98,1,1,2,112,Hibernating / lost
17196.0,427,1,352.9,1,1,1,111,Hibernating / lost
17197.0,29,1,1013.01,3,1,2,312,Potential loyalists
17198.0,23,3,1213.88,3,2,2,322,Potential loyalists
17199.0,582,1,145.12,1,1,1,111,Hibernating / lost
17200.0,387,4,356.71,1,2,1,121,At risk
17201.0,53,4,1242.04,2,2,2,222,Others
17202.0,420,1,160.65,1,1,1,111,Hibernating / lost
17203.0,35,10,5575.88,3,3,3,333,Champions
17204.0,175,9,5504.6900000000005,2,3,3,233,Loyal customers
17205.0,53,3,999.35,2,2,2,222,Others
17206.0,53,1,204.24,2,1,1,211,Others
17207.0,652,1,303.21999999999997,1,1,1,111,Hibernating / lost
17208.0,395,1,115.35,1,1,1,111,Hibernating / lost
17209.0,649,3,611.6,1,2,2,122,At risk
17210.0,392,1,253.37,1,1,1,111,Hibernating / lost
17211.0,26,13,4046.65,3,3,3,333,Champions
17212.0,253,3,794.41,2,2,2,222,Others
17213.0,40,13,5182.3,3,3,3,333,Champions
17214.0,60,6,1069.1200000000001,2,3,2,232,Loyal customers
17215.0,464,1,186.15,1,1,1,111,Hibernating / lost
17216.0,554,1,65.05,1,1,1,111,Hibernating / lost
17217.0,234,2,218.0,2,1,1,211,Others
17218.0,4,18,4192.68,3,3,3,333,Champions
17219.0,31,2,259.13,3,1,1,311,New customers
17220.0,24,21,4481.75,3,3,3,333,Champions
17221.0,7,5,978.52,3,2,2,322,Potential loyalists
17222.0,65,6,1605.01,2,3,2,232,Loyal customers
17223.0,310,3,873.53,1,2,2,122,At risk
17224.0,501,1,100.86,1,1,1,111,Hibernating / lost
17225.0,581,1,131.15,1,1,1,111,Hibernating / lost
17226.0,308,3,900.12,1,2,2,122,At risk
17227.0,18,12,2022.03,3,3,3,333,Champions
17228.0,15,13,3177.24,3,3,3,333,Champions
17229.0,96,2,318.76,2,1,1,211,Others
17230.0,264,18,9924.95,2,3,3,233,Loyal customers
17231.0,12,25,7197.04,3,3,3,333,Champions
17232.0,2,2,421.52,3,1,1,311,New customers
17233.0,35,3,560.86,3,2,2,322,Potential loyalists
17234.0,182,1,149.89000000000001,2,1,1,211,Others
17235.0,25,8,1904.8799999999999,3,3,3,333,Champions
17236.0,12,12,1929.26,3,3,3,333,Champions
17237.0,11,4,1002.08,3,2,2,322,Potential loyalists
17238.0,2,32,7783.1,3,3,3,333,Champions
17239.0,312,4,1189.45,1,2,2,122,At risk
17240.0,596,1,130.6,1,1,1,111,Hibernating / lost
17241.0,385,12,2744.14,1,3,3,133,At risk
17242.0,108,5,2889.28,2,2,3,223,Others
17243.0,1,69,20889.86,3,3,3,333,Champions
17244.0,53,5,1826.04,2,2,3,223,Others
17245.0,204,2,371.63,2,1,1,211,Others
17246.0,546,2,38.92,1,1,1,111,Hibernating / lost
17247.0,15,1,282.19,3,1,1,311,New customers
17248.0,120,2,546.16,2,1,2,212,Others
17249.0,428,1,68.03,1,1,1,111,Hibernating / lost
17250.0,3,2,384.52,3,1,1,311,New customers
17251.0,362,3,812.4300000000001,1,2,2,122,At risk
17252.0,116,2,353.86,2,1,1,211,Others
17253.0,18,1,178.26,3,1,1,311,New customers
17254.0,4,3,470.73,3,2,1,321,Potential loyalists
17255.0,40,4,799.13,3,2,2,322,Potential loyalists
17256.0,107,5,498.93,2,2,2,222,Others
17257.0,436,2,192.73,1,1,1,111,Hibernating / lost
17258.0,396,2,417.3,1,1,1,111,Hibernating / lost
17259.0,148,6,1889.34,2,3,3,233,Loyal customers
17260.0,411,1,120.95,1,1,1,111,Hibernating / lost
17261.0,509,1,230.44,1,1,1,111,Hibernating / lost
17262.0,52,11,2757.62,2,3,3,233,Loyal customers
17263.0,208,1,63.440000000000005,2,1,1,211,Others
17264.0,424,1,279.59,1,1,1,111,Hibernating / lost
17265.0,138,2,562.9,2,1,2,212,Others
17266.0,2,5,517.73,3,2,2,322,Potential loyalists
17267.0,127,2,317.62,2,1,1,211,Others
17268.0,107,11,1733.8899999999999,2,3,3,233,Loyal customers
17269.0,385,1,537.46,1,1,2,112,Hibernating / lost
17270.0,469,2,604.4,1,1,2,112,Hibernating / lost
17271.0,736,1,210.39,1,1,1,111,Hibernating / lost
17272.0,42,4,2148.63,2,2,3,223,Others
17273.0,424,1,141.12,1,1,1,111,Hibernating / lost
17274.0,35,2,577.38,3,1,2,312,Potential loyalists
17275.0,383,1,114.52,1,1,1,111,Hibernating / lost
17276.0,402,1,508.39,1,1,2,112,Hibernating / lost
17277.0,227,2,1065.3500000000001,2,1,2,212,Others
17278.0,241,2,271.24,2,1,1,211,Others
17279.0,57,1,187.82999999999998,2,1,1,211,Others
17280.0,438,1,118.85999999999999,1,1,1,111,Hibernating / lost
17281.0,374,6,797.8499999999999,1,3,2,132,At risk
17282.0,130,5,2339.66,2,2,3,223,Others
17283.0,378,1,188.46,1,1,1,111,Hibernating / lost
17284.0,60,8,2793.16,2,3,3,233,Loyal customers
17285.0,628,2,428.34,1,1,1,111,Hibernating / lost
17286.0,21,3,395.48,3,2,1,321,Potential loyalists
17287.0,26,21,4111.96,3,3,3,333,Champions
17288.0,9,11,2499.98,3,3,3,333,Champions
17289.0,31,9,2079.39,3,3,3,333,Champions
17290.0,3,8,1501.44,3,3,2,332,Loyal customers
17291.0,308,1,550.8000000000001,1,1,2,112,Hibernating / lost
17292.0,472,2,271.75,1,1,1,111,Hibernating / lost
17293.0,8,17,3774.23,3,3,3,333,Champions
17294.0,669,2,467.78999999999996,1,1,1,111,Hibernating / lost
17295.0,28,3,556.95,3,2,2,322,Potential loyalists
17296.0,730,1,338.13,1,1,1,111,Hibernating / lost
17297.0,17,1,131.78,3,1,1,311,New customers
17298.0,101,5,957.5600000000001,2,2,2,222,Others
17299.0,11,6,1016.08,3,3,2,332,Loyal customers
17300.0,390,2,393.64,1,1,1,111,Hibernating / lost
17301.0,21,2,330.43,3,1,1,311,New customers
17302.0,14,5,1135.63,3,2,2,322,Potential loyalists
17303.0,361,1,250.04,1,1,1,111,Hibernating / lost
17304.0,534,1,111.5,1,1,1,111,Hibernating / lost
17305.0,648,1,2135.46,1,1,3,113,Hibernating / lost
17306.0,10,21,9782.35,3,3,3,333,Champions
17307.0,395,11,3999.8900000000003,1,3,3,133,At risk
17308.0,393,2,4511.76,1,1,3,113,Hibernating / lost
17309.0,95,3,330.59000000000003,2,2,1,221,Others
17310.0,387,2,1025.1,1,1,2,112,Hibernating / lost
17311.0,78,6,3566.56,2,3,3,233,Loyal customers
17312.0,138,3,644.3,2,2,2,222,Others
17313.0,31,1,2328.84,3,1,3,313,Potential loyalists
17314.0,24,17,4904.43,3,3,3,333,Champions
17315.0,1,43,9650.6,3,3,3,333,Champions
17316.0,420,1,124.45,1,1,1,111,Hibernating / lost
17317.0,46,3,2600.34,2,2,3,223,Others
17318.0,725,1,164.28,1,1,1,111,Hibernating / lost
17319.0,669,1,29.1,1,1,1,111,Hibernating / lost
17320.0,100,6,2895.77,2,3,3,233,Loyal customers
17321.0,8,6,1741.18,3,3,3,333,Champions
17322.0,376,5,922.59,1,2,2,122,At risk
17323.0,15,12,1565.59,3,3,2,332,Loyal customers
17324.0,17,12,2301.87,3,3,3,333,Champions
17325.0,280,3,609.5699999999999,1,2,2,122,At risk
17326.0,408,2,321.95,1,1,1,111,Hibernating / lost
17327.0,409,2,152.35,1,1,1,111,Hibernating / lost
17328.0,673,1,104.7,1,1,1,111,Hibernating / lost
17329.0,14,5,1004.4300000000001,3,2,2,322,Potential loyalists
17330.0,22,4,423.8,3,2,1,321,Potential loyalists
17331.0,123,1,175.2,2,1,1,211,Others
17332.0,528,5,838.27,1,2,2,122,At risk
17333.0,85,1,494.25,2,1,2,212,Others
17334.0,302,3,635.15,1,2,2,122,At risk
17335.0,383,2,508.0,1,1,2,112,Hibernating / lost
17336.0,472,1,81.12,1,1,1,111,Hibernating / lost
17337.0,151,4,2027.8700000000001,2,2,3,223,Others
17338.0,17,17,12142.57,3,3,3,333,Champions
17339.0,94,3,362.36,2,2,1,221,Others
17340.0,29,18,22404.82,3,3,3,333,Champions
17341.0,156,5,1889.83,2,2,3,223,Others
17342.0,379,4,1227.54,1,2,2,122,At risk
17343.0,355,6,1259.94,1,3,2,132,At risk
17344.0,46,2,468.11,2,1,1,211,Others
17345.0,15,10,1604.68,3,3,2,332,Loyal customers
17346.0,3,26,5323.0,3,3,3,333,Champions
17347.0,86,1,228.96,2,1,1,211,Others
17348.0,14,9,2476.41,3,3,3,333,Champions
17349.0,179,5,852.25,2,2,2,222,Others
17350.0,8,7,1906.041,3,3,3,333,Champions
17351.0,36,12,1988.23,3,3,3,333,Champions
17352.0,696,1,36.25,1,1,1,111,Hibernating / lost
17353.0,129,4,3242.0,2,2,3,223,Others
17354.0,50,4,3143.46,2,2,3,223,Others
17355.0,386,1,285.11,1,1,1,111,Hibernating / lost
17356.0,311,5,946.47,1,2,2,122,At risk
17357.0,24,2,388.14,3,1,1,311,New customers
17358.0,303,5,866.05,1,2,2,122,At risk
17359.0,11,2,284.46,3,1,1,311,New customers
17360.0,17,6,1231.3799999999999,3,3,2,332,Loyal customers
17361.0,49,5,880.64,2,2,2,222,Others
17362.0,239,7,1024.04,2,3,2,232,Loyal customers
17363.0,395,3,940.86,1,2,2,122,At risk
17364.0,0,28,12070.42,3,3,3,333,Champions
17365.0,12,15,8224.98,3,3,3,333,Champions
17366.0,432,2,1096.24,1,1,2,112,Hibernating / lost
17367.0,238,1,168.4,2,1,1,211,Others
17368.0,23,14,2826.14,3,3,3,333,Champions
17369.0,455,1,979.1999999999999,1,1,2,112,Hibernating / lost
17370.0,72,4,446.18,2,2,1,221,Others
17371.0,17,6,662.55,3,3,2,332,Loyal customers
17372.0,40,28,4377.56,3,3,3,333,Champions
17373.0,40,7,1167.5,3,3,2,332,Loyal customers
17374.0,218,3,727.11,2,2,2,222,Others
17375.0,199,4,660.55,2,2,2,222,Others
17376.0,70,4,453.64,2,2,1,221,Others
17377.0,23,78,18319.41,3,3,3,333,Champions
17378.0,374,1,10.95,1,1,1,111,Hibernating / lost
17379.0,11,1,404.66,3,1,1,311,New customers
17380.0,434,3,645.0,1,2,2,122,At risk
17381.0,8,38,40002.37,3,3,3,333,Champions
17382.0,65,8,902.28,2,3,2,232,Loyal customers
17383.0,4,2,309.99,3,1,1,311,New customers
17384.0,19,3,507.55,3,2,2,322,Potential loyalists
17385.0,14,1,261.11,3,1,1,311,New customers
17386.0,7,7,2812.77,3,3,3,333,Champions
17387.0,19,2,784.11,3,1,2,312,Potential loyalists
17388.0,77,11,2691.57,2,3,3,233,Loyal customers
17389.0,0,61,57224.68,3,3,3,333,Champions
17390.0,420,1,149.3,1,1,1,111,Hibernating / lost
17391.0,163,2,508.8,2,1,2,212,Others
17392.0,306,3,626.56,1,2,2,122,At risk
17393.0,410,2,381.15,1,1,1,111,Hibernating / lost
17394.0,219,1,203.86999999999998,2,1,1,211,Others
17395.0,508,1,97.5,1,1,1,111,Hibernating / lost
17396.0,39,14,8807.1,3,3,3,333,Champions
17397.0,22,3,1233.18,3,2,2,322,Potential loyalists
17398.0,114,3,653.38,2,2,2,222,Others
17400.0,126,8,4677.05,2,3,3,233,Loyal customers
17401.0,541,1,114.85,1,1,1,111,Hibernating / lost
17402.0,4,23,5096.18,3,3,3,333,Champions
17403.0,36,2,400.57,3,1,1,311,New customers
17404.0,4,23,47781.12,3,3,3,333,Champions
17405.0,1,3,1031.41,3,2,2,322,Potential loyalists
17406.0,333,13,4905.05,1,3,3,133,At risk
17407.0,411,1,552.9,1,1,2,112,Hibernating / lost
17408.0,163,3,316.09000000000003,2,2,1,221,Others
17409.0,184,10,7793.51,2,3,3,233,Loyal customers
17410.0,16,5,1214.72,3,2,2,322,Potential loyalists
17411.0,12,5,1425.38,3,2,2,322,Potential loyalists
17412.0,2,16,4417.52,3,3,3,333,Champions
17413.0,404,2,560.14,1,1,2,112,Hibernating / lost
17414.0,43,6,2249.52,2,3,3,233,Loyal customers
17415.0,79,1,507.84,2,1,2,212,Others
17416.0,29,22,17298.45,3,3,3,333,Champions
17417.0,548,1,164.18,1,1,1,111,Hibernating / lost
17418.0,42,3,670.0600000000001,2,2,2,222,Others
17419.0,11,18,6500.52,3,3,3,333,Champions
17420.0,50,6,1084.43,2,3,2,232,Loyal customers
17421.0,386,3,1059.41,1,2,2,122,At risk
17422.0,16,11,3594.76,3,3,3,333,Champions
17423.0,46,3,1118.95,2,2,2,222,Others
17425.0,19,2,759.17,3,1,2,312,Potential loyalists
17426.0,8,13,8077.77,3,3,3,333,Champions
17427.0,71,1,100.8,2,1,1,211,Others
17428.0,0,45,31819.760000000002,3,3,3,333,Champions
17429.0,128,5,1357.46,2,2,2,222,Others
17430.0,32,4,735.17,3,2,2,322,Potential loyalists
17431.0,313,1,403.3,1,1,1,111,Hibernating / lost
17432.0,18,9,1751.39,3,3,3,333,Champions
17433.0,88,2,569.96,2,1,2,212,Others
17434.0,2,7,2373.82,3,3,3,333,Champions
17435.0,411,1,331.35,1,1,1,111,Hibernating / lost
17436.0,1,5,534.06,3,2,2,322,Potential loyalists
17437.0,529,1,373.17,1,1,1,111,Hibernating / lost
17438.0,253,5,1422.77,2,2,2,222,Others
17439.0,655,1,325.74,1,1,1,111,Hibernating / lost
17440.0,156,4,323.58,2,2,1,221,Others
17441.0,732,1,293.35,1,1,1,111,Hibernating / lost
17442.0,36,15,4620.3,3,3,3,333,Champions
17443.0,219,1,534.24,2,1,2,212,Others
17444.0,147,3,2940.04,2,2,3,223,Others
17446.0,176,2,120.9,2,1,1,211,Others
17447.0,40,2,541.53,3,1,2,312,Potential loyalists
17448.0,497,46,14556.97,1,3,3,133,At risk
17449.0,2,13,4951.15,3,3,3,333,Champions
17450.0,8,51,246973.09,3,3,3,333,Champions
17451.0,1,7,1721.4,3,3,3,333,Champions
17453.0,17,2,486.71999999999997,3,1,2,312,Potential loyalists
17454.0,192,10,1547.94,2,3,2,232,Loyal customers
17455.0,203,1,131.7,2,1,1,211,Others
17456.0,365,2,1225.42,1,1,2,112,Hibernating / lost
17457.0,126,14,5984.8099999999995,2,3,3,233,Loyal customers
17458.0,15,2,529.58,3,1,2,312,Potential loyalists
17459.0,43,2,657.3,2,1,2,212,Others
17460.0,94,16,2228.27,2,3,3,233,Loyal customers
17461.0,22,3,757.46,3,2,2,322,Potential loyalists
17462.0,60,2,675.69,2,1,2,212,Others
17463.0,16,7,2557.91,3,3,3,333,Champions
17464.0,158,3,1000.94,2,2,2,222,Others
17465.0,425,7,2542.79,1,3,3,133,At risk
17466.0,10,2,763.28,3,1,2,312,Potential loyalists
17467.0,395,1,102.6,1,1,1,111,Hibernating / lost
17468.0,10,3,194.8,3,2,1,321,Potential loyalists
17469.0,16,17,5051.25,3,3,3,333,Champions
17470.0,44,11,2804.87,2,3,3,233,Loyal customers
17471.0,474,1,321.65000000000003,1,1,1,111,Hibernating / lost
17472.0,191,4,935.1,2,2,2,222,Others
17473.0,408,2,607.0,1,1,2,112,Hibernating / lost
17474.0,599,1,1047.0,1,1,2,112,Hibernating / lost
17475.0,79,1,194.37,2,1,1,211,Others
17476.0,395,2,489.86,1,1,2,112,Hibernating / lost
17477.0,612,2,1144.3,1,1,2,112,Hibernating / lost
17478.0,408,2,1272.8,1,1,2,112,Hibernating / lost
17479.0,632,1,389.26000000000005,1,1,1,111,Hibernating / lost
17480.0,77,2,902.03,2,1,2,212,Others
17481.0,3,4,1255.59,3,2,2,322,Potential loyalists
17482.0,487,2,778.19,1,1,2,112,Hibernating / lost
17483.0,65,4,591.73,2,2,2,222,Others
17484.0,576,2,209.57,1,1,1,111,Hibernating / lost
17486.0,261,1,396.87,2,1,1,211,Others
17487.0,728,1,160.55,1,1,1,111,Hibernating / lost
17488.0,641,1,336.5,1,1,1,111,Hibernating / lost
17489.0,58,2,376.64,2,1,1,211,Others
17490.0,0,9,2750.5,3,3,3,333,Champions
17491.0,1,17,5981.07,3,3,3,333,Champions
17492.0,248,3,1122.42,2,2,2,222,Others
17493.0,385,1,100.91000000000001,1,1,1,111,Hibernating / lost
17494.0,501,1,54.699999999999996,1,1,1,111,Hibernating / lost
17495.0,7,3,806.72,3,2,2,322,Potential loyalists
17496.0,358,4,1412.89,1,2,2,122,At risk
17497.0,390,2,287.25,1,1,1,111,Hibernating / lost
17498.0,75,1,272.22,2,1,1,211,Others
17499.0,289,2,1341.39,1,1,2,112,Hibernating / lost
17500.0,17,3,1138.0,3,2,2,322,Potential loyalists
17501.0,220,2,288.6,2,1,1,211,Others
17502.0,9,4,689.1,3,2,2,322,Potential loyalists
17503.0,2,2,558.96,3,1,2,312,Potential loyalists
17504.0,206,18,9565.12,2,3,3,233,Loyal customers
17505.0,161,5,2435.48,2,2,3,223,Others
17506.0,75,1,302.2,2,1,1,211,Others
17507.0,261,2,605.58,2,1,2,212,Others
17508.0,280,8,4579.23,1,3,3,133,At risk
17509.0,57,8,6115.14,2,3,3,233,Loyal customers
17510.0,24,2,514.56,3,1,2,312,Potential loyalists
17511.0,2,60,175603.55,3,3,3,333,Champions
17512.0,28,18,5467.820000000001,3,3,3,333,Champions
17513.0,72,3,1158.8,2,2,2,222,Others
17514.0,128,2,542.83,2,1,2,212,Others
17515.0,31,9,1617.46,3,3,2,332,Loyal customers
17516.0,15,6,957.55,3,3,2,332,Loyal customers
17517.0,308,1,153.94,1,1,1,111,Hibernating / lost
17518.0,425,2,329.42,1,1,1,111,Hibernating / lost
17519.0,17,15,5109.47,3,3,3,333,Champions
17520.0,53,1,546.81,2,1,2,212,Others
17521.0,29,5,1278.06,3,2,2,322,Potential loyalists
17522.0,1,5,1070.71,3,2,2,322,Potential loyalists
17523.0,11,4,652.74,3,2,2,322,Potential loyalists
17524.0,361,3,539.14,1,2,2,122,At risk
17525.0,359,3,1161.9,1,2,2,122,At risk
17526.0,4,12,4166.04,3,3,3,333,Champions
17527.0,53,4,939.37,2,2,2,222,Others
17528.0,1,8,3628.5,3,3,3,333,Champions
17529.0,610,2,1240.25,1,1,2,112,Hibernating / lost
17530.0,1,12,3141.51,3,3,3,333,Champions
17531.0,190,3,1266.82,2,2,2,222,Others
17532.0,385,1,65.34,1,1,1,111,Hibernating / lost
17533.0,434,1,34.8,1,1,1,111,Hibernating / lost
17534.0,53,5,1668.83,2,2,3,223,Others
17535.0,280,1,164.4,1,1,1,111,Hibernating / lost
17536.0,177,3,364.83,2,2,1,221,Others
17537.0,29,2,897.62,3,1,2,312,Potential loyalists
17538.0,25,1,98.42,3,1,1,311,New customers
17539.0,617,4,1226.57,1,2,2,122,At risk
17540.0,24,6,1590.6000000000001,3,3,2,332,Loyal customers
17541.0,509,1,124.46,1,1,1,111,Hibernating / lost
17542.0,269,3,341.7,1,2,1,121,At risk
17543.0,549,1,120.05,1,1,1,111,Hibernating / lost
17544.0,390,3,960.69,1,2,2,122,At risk
17545.0,43,6,1448.54,2,3,2,232,Loyal customers
17547.0,375,2,727.85,1,1,2,112,Hibernating / lost
17548.0,233,4,731.26,2,2,2,222,Others
17549.0,23,2,148.86,3,1,1,311,New customers
17550.0,197,9,2547.64,2,3,3,233,Loyal customers
17551.0,359,1,306.84,1,1,1,111,Hibernating / lost
17552.0,60,12,3085.29,2,3,3,233,Loyal customers
17553.0,129,4,3757.6,2,2,3,223,Others
17554.0,1,5,1952.45,3,2,3,323,Potential loyalists
17555.0,19,5,1057.74,3,2,2,322,Potential loyalists
17556.0,205,2,300.67,2,1,1,211,Others
17557.0,14,4,575.46,3,2,2,322,Potential loyalists
17558.0,393,1,259.17,1,1,1,111,Hibernating / lost
17559.0,512,1,167.62,1,1,1,111,Hibernating / lost
17560.0,94,8,1895.8,2,3,3,233,Loyal customers
17561.0,19,4,722.34,3,2,2,322,Potential loyalists
17562.0,14,7,1122.38,3,3,2,332,Loyal customers
17563.0,578,2,392.38,1,1,1,111,Hibernating / lost
17564.0,24,3,454.01,3,2,1,321,Potential loyalists
17565.0,586,1,131.83,1,1,1,111,Hibernating / lost
17566.0,8,2,901.21,3,1,2,312,Potential loyalists
17567.0,7,9,5356.03,3,3,3,333,Champions
17568.0,633,1,382.79,1,1,1,111,Hibernating / lost
17569.0,332,1,344.14,1,1,1,111,Hibernating / lost
17570.0,381,1,100.0,1,1,1,111,Hibernating / lost
17571.0,50,5,1703.75,2,2,3,223,Others
17572.0,71,10,723.01,2,3,2,232,Loyal customers
17573.0,29,3,380.6,3,2,1,321,Potential loyalists
17574.0,242,1,185.65,2,1,1,211,Others
17575.0,667,1,171.7,1,1,1,111,Hibernating / lost
17576.0,8,41,9056.81,3,3,3,333,Champions
17577.0,645,2,348.75,1,1,1,111,Hibernating / lost
17578.0,218,7,1047.33,2,3,2,232,Loyal customers
17579.0,4,4,753.28,3,2,2,322,Potential loyalists
17580.0,252,5,545.27,2,2,2,222,Others
17581.0,0,43,18757.75,3,3,3,333,Champions
17582.0,236,5,1450.7,2,2,2,222,Others
17583.0,560,1,135.95,1,1,1,111,Hibernating / lost
17584.0,7,6,5309.42,3,3,3,333,Champions
17585.0,109,7,2093.3,2,3,3,233,Loyal customers
17586.0,619,1,167.4,1,1,1,111,Hibernating / lost
17587.0,628,1,181.66,1,1,1,111,Hibernating / lost
17588.0,100,7,2939.55,2,3,3,233,Loyal customers
17589.0,60,18,14049.87,2,3,3,233,Loyal customers
17590.0,2,3,1479.22,3,2,2,322,Potential loyalists
17591.0,73,8,2776.67,2,3,3,233,Loyal customers
17592.0,738,1,148.3,1,1,1,111,Hibernating / lost
17593.0,3,11,8095.8,3,3,3,333,Champions
17594.0,85,4,2497.88,2,2,3,223,Others
17595.0,12,2,388.79,3,1,1,311,New customers
17596.0,23,13,4920.67,3,3,3,333,Champions
17597.0,213,5,3484.09,2,2,3,223,Others
17598.0,381,1,409.98,1,1,1,111,Hibernating / lost
17599.0,477,1,52.05,1,1,1,111,Hibernating / lost
17600.0,17,1,161.67000000000002,3,1,1,311,New customers
17601.0,239,2,421.48,2,1,1,211,Others
17602.0,2,14,7451.13,3,3,3,333,Champions
17603.0,78,4,1793.48,2,2,3,223,Others
17604.0,217,6,945.9300000000001,2,3,2,232,Loyal customers
17605.0,590,1,160.75,1,1,1,111,Hibernating / lost
17606.0,737,1,87.30000000000001,1,1,1,111,Hibernating / lost
17607.0,376,1,333.81,1,1,1,111,Hibernating / lost
17608.0,33,4,498.53,3,2,2,322,Potential loyalists
17609.0,40,11,1894.34,3,3,3,333,Champions
17610.0,540,5,1529.49,1,2,2,122,At risk
17611.0,7,28,8371.98,3,3,3,333,Champions
17612.0,53,18,5394.86,2,3,3,233,Loyal customers
17613.0,22,14,4559.150000000001,3,3,3,333,Champions
17614.0,57,1,390.07,2,1,1,211,Others
17615.0,130,6,733.2,2,3,2,232,Loyal customers
17616.0,173,4,1060.8,2,2,2,222,Others
17617.0,558,1,395.33,1,1,1,111,Hibernating / lost
17618.0,5,11,4073.2400000000002,3,3,3,333,Champions
17619.0,312,1,218.52,1,1,1,111,Hibernating / lost
17620.0,59,1,81.44,2,1,1,211,Others
17621.0,21,6,3175.12,3,3,3,333,Champions
17622.0,597,2,1130.21,1,1,2,112,Hibernating / lost
17623.0,32,7,2383.67,3,3,3,333,Champions
17624.0,14,4,1568.63,3,2,2,322,Potential loyalists
17625.0,18,8,6067.8,3,3,3,333,Champions
17626.0,602,1,254.0,1,1,1,111,Hibernating / lost
17627.0,478,1,296.36,1,1,1,111,Hibernating / lost
17628.0,81,1,75.75,2,1,1,211,Others
17629.0,5,10,2455.52,3,3,3,333,Champions
17630.0,169,2,503.59999999999997,2,1,2,212,Others
17631.0,1,7,998.49,3,3,2,332,Loyal customers
17633.0,31,7,2057.39,3,3,3,333,Champions
17634.0,36,9,2361.9700000000003,3,3,3,333,Champions
17635.0,424,3,1265.58,1,2,2,122,At risk
17636.0,19,1,285.56,3,1,1,311,New customers
17637.0,31,2,547.0600000000001,3,1,2,312,Potential loyalists
17638.0,647,2,842.4,1,1,2,112,Hibernating / lost
17639.0,276,6,615.17,1,3,2,132,At risk
17640.0,86,6,3168.94,2,3,3,233,Loyal customers
17642.0,119,5,1824.49,2,2,3,223,Others
17643.0,373,2,541.25,1,1,2,112,Hibernating / lost
17644.0,1,20,6028.6,3,3,3,333,Champions
17646.0,219,12,4149.79,2,3,3,233,Loyal customers
17647.0,65,3,331.65999999999997,2,2,1,221,Others
17648.0,60,5,2216.37,2,2,3,223,Others
17649.0,138,3,1578.89,2,2,2,222,Others
17650.0,21,1,166.08,3,1,1,311,New customers
17651.0,11,16,5703.52,3,3,3,333,Champions
17652.0,25,12,4867.72,3,3,3,333,Champions
17653.0,36,4,1207.56,3,2,2,322,Potential loyalists
17654.0,277,1,117.55,1,1,1,111,Hibernating / lost
17655.0,10,9,3652.48,3,3,3,333,Champions
17656.0,73,5,1674.69,2,2,3,223,Others
17657.0,430,1,126.0,1,1,1,111,Hibernating / lost
17658.0,25,2,595.42,3,1,2,312,Potential loyalists
17659.0,17,14,3834.79,3,3,3,333,Champions
17660.0,141,2,359.47,2,1,1,211,Others
17662.0,661,2,412.92,1,1,1,111,Hibernating / lost
17663.0,25,17,5175.83,3,3,3,333,Champions
17664.0,18,4,1166.23,3,2,2,322,Potential loyalists
17665.0,493,1,563.1,1,1,2,112,Hibernating / lost
17666.0,3,5,2047.8,3,2,3,323,Potential loyalists
17667.0,66,9,3950.7,2,3,3,233,Loyal customers
17668.0,1,2,347.75,3,1,1,311,New customers
17669.0,42,10,6142.35,2,3,3,233,Loyal customers
17670.0,227,1,205.7,2,1,1,211,Others
17671.0,15,5,2403.34,3,2,3,323,Potential loyalists
17672.0,50,7,5778.63,2,3,3,233,Loyal customers
17673.0,1,13,4233.58,3,3,3,333,Champions
17674.0,74,2,851.7,2,1,2,212,Others
17675.0,1,70,38259.6,3,3,3,333,Champions
17676.0,4,10,2765.84,3,3,3,333,Champions
17677.0,1,54,36692.91,3,3,3,333,Champions
17678.0,263,2,599.76,2,1,2,212,Others
17679.0,52,7,3577.61,2,3,3,233,Loyal customers
17680.0,23,3,497.45,3,2,2,322,Potential loyalists
17681.0,597,5,731.2,1,2,2,122,At risk
17682.0,10,11,4456.78,3,3,3,333,Champions
17683.0,385,3,819.01,1,2,2,122,At risk
17684.0,43,1,239.41,2,1,1,211,Others
17685.0,16,12,5943.17,3,3,3,333,Champions
17686.0,7,9,8296.81,3,3,3,333,Champions
17687.0,420,1,432.68,1,1,1,111,Hibernating / lost
17688.0,393,1,304.2,1,1,1,111,Hibernating / lost
17689.0,388,2,317.08,1,1,1,111,Hibernating / lost
17690.0,30,20,7448.1,3,3,3,333,Champions
17691.0,358,4,780.0500000000001,1,2,2,122,At risk
17692.0,127,12,2975.8,2,3,3,233,Loyal customers
17693.0,137,1,200.47,2,1,1,211,Others
17694.0,141,3,1695.97,2,2,3,223,Others
17695.0,131,5,1746.04,2,2,3,223,Others
17696.0,38,27,7679.59,3,3,3,333,Champions
17697.0,236,1,338.95,2,1,1,211,Others
17698.0,260,1,154.95,2,1,1,211,Others
17699.0,476,2,442.0,1,1,1,111,Hibernating / lost
17700.0,16,14,6679.97,3,3,3,333,Champions
17701.0,252,1,417.95,2,1,1,211,Others
17702.0,30,6,3144.04,3,3,3,333,Champions
17703.0,35,4,1094.84,3,2,2,322,Potential loyalists
17704.0,168,2,885.19,2,1,2,212,Others
17705.0,3,11,2083.9,3,3,3,333,Champions
17706.0,4,31,20749.98,3,3,3,333,Champions
17707.0,185,8,609.3000000000001,2,3,2,232,Loyal customers
17708.0,187,4,887.9300000000001,2,2,2,222,Others
17709.0,169,5,671.01,2,2,2,222,Others
17710.0,423,1,293.5,1,1,1,111,Hibernating / lost
17711.0,10,2,385.1,3,1,1,311,New customers
17712.0,44,1,522.91,2,1,2,212,Others
17713.0,382,4,1198.09,1,2,2,122,At risk
17714.0,320,5,1410.18,1,2,2,122,At risk
17715.0,200,2,489.59999999999997,2,1,2,212,Others
17716.0,22,24,15956.97,3,3,3,333,Champions
17717.0,421,1,376.92,1,1,1,111,Hibernating / lost
17718.0,232,2,439.18,2,1,1,211,Others
17719.0,37,15,5396.04,3,3,3,333,Champions
17720.0,26,10,2768.91,3,3,3,333,Champions
17721.0,659,1,307.21000000000004,1,1,1,111,Hibernating / lost
17722.0,96,5,4430.36,2,2,3,223,Others
17723.0,127,7,3378.4000000000005,2,3,3,233,Loyal customers
17724.0,71,3,1033.0,2,2,2,222,Others
17725.0,16,11,3439.08,3,3,3,333,Champions
17726.0,395,7,1092.06,1,3,2,132,At risk
17727.0,15,1,1060.25,3,1,2,312,Potential loyalists
17728.0,3,5,4238.76,3,2,3,323,Potential loyalists
17729.0,596,1,438.65000000000003,1,1,1,111,Hibernating / lost
17730.0,3,20,7773.8,3,3,3,333,Champions
17731.0,79,6,1708.99,2,3,3,233,Loyal customers
17732.0,372,8,2470.39,1,3,3,133,At risk
17733.0,38,2,692.19,3,1,2,312,Potential loyalists
17734.0,53,6,1442.32,2,3,2,232,Loyal customers
17735.0,2,26,17244.93,3,3,3,333,Champions
17736.0,9,3,377.44,3,2,1,321,Potential loyalists
17737.0,9,2,168.24,3,1,1,311,New customers
17738.0,19,13,4183.56,3,3,3,333,Champions
17739.0,11,18,7730.59,3,3,3,333,Champions
17740.0,389,6,426.9,1,3,1,131,At risk
17741.0,406,2,101.1,1,1,1,111,Hibernating / lost
17742.0,113,11,2098.48,2,3,3,233,Loyal customers
17743.0,448,1,229.2,1,1,1,111,Hibernating / lost
17744.0,3,7,2649.14,3,3,3,333,Champions
17745.0,477,2,600.34,1,1,2,112,Hibernating / lost
17746.0,240,4,904.1800000000001,2,2,2,222,Others
17747.0,112,1,71.4,2,1,1,211,Others
17748.0,527,1,358.15,1,1,1,111,Hibernating / lost
17749.0,178,3,1026.18,2,2,2,222,Others
17750.0,5,9,1797.57,3,3,3,333,Champions
17751.0,421,1,157.85999999999999,1,1,1,111,Hibernating / lost
17752.0,359,1,80.64,1,1,1,111,Hibernating / lost
17753.0,464,4,390.56,1,2,1,121,At risk
17754.0,0,13,4577.53,3,3,3,333,Champions
17756.0,375,3,733.7,1,2,2,122,At risk
17757.0,1,56,9422.45,3,3,3,333,Champions
17758.0,19,12,5012.53,3,3,3,333,Champions
17759.0,17,5,1276.91,3,2,2,322,Potential loyalists
17760.0,21,6,918.93,3,3,2,332,Loyal customers
17761.0,32,1,712.78,3,1,2,312,Potential loyalists
17762.0,456,1,129.75,1,1,1,111,Hibernating / lost
17763.0,263,4,86.15,2,2,1,221,Others
17764.0,50,5,1623.64,2,2,3,223,Others
17765.0,158,4,530.8,2,2,2,222,Others
17766.0,381,2,299.61,1,1,1,111,Hibernating / lost
17767.0,15,2,413.05,3,1,1,311,New customers
17768.0,8,7,3509.51,3,3,3,333,Champions
17769.0,12,17,7103.08,3,3,3,333,Champions
17770.0,198,5,1143.27,2,2,2,222,Others
17771.0,56,4,387.41,2,2,1,221,Others
17772.0,10,3,384.77,3,2,1,321,Potential loyalists
17773.0,514,2,585.27,1,1,2,112,Hibernating / lost
17774.0,96,9,3328.05,2,3,3,233,Loyal customers
17775.0,254,1,56.4,2,1,1,211,Others
17776.0,386,2,338.56,1,1,1,111,Hibernating / lost
17777.0,24,3,665.86,3,2,2,322,Potential loyalists
17778.0,661,1,197.70000000000002,1,1,1,111,Hibernating / lost
17779.0,21,3,658.57,3,2,2,322,Potential loyalists
17780.0,667,3,352.91,1,2,1,121,At risk
17781.0,159,2,188.02,2,1,1,211,Others
17782.0,382,2,679.02,1,1,2,112,Hibernating / lost
17783.0,72,3,379.91,2,2,1,221,Others
17784.0,550,1,112.86,1,1,1,111,Hibernating / lost
17785.0,53,3,403.38,2,2,1,221,Others
17786.0,85,2,278.74,2,1,1,211,Others
17787.0,152,4,2601.4700000000003,2,2,3,223,Others
17788.0,73,2,1117.9,2,1,2,212,Others
17789.0,281,2,397.15,1,1,1,111,Hibernating / lost
17790.0,26,20,2783.61,3,3,3,333,Champions
17791.0,29,1,106.1,3,1,1,311,New customers
17792.0,467,2,370.05,1,1,1,111,Hibernating / lost
17793.0,25,1,323.04,3,1,1,311,New customers
17794.0,686,2,147.3,1,1,1,111,Hibernating / lost
17795.0,179,2,350.39,2,1,1,211,Others
17796.0,40,7,1361.99,3,3,2,332,Loyal customers
17797.0,22,8,1985.87,3,3,3,333,Champions
17798.0,581,1,183.09,1,1,1,111,Hibernating / lost
17799.0,22,20,6341.89,3,3,3,333,Champions
17800.0,37,9,1199.01,3,3,2,332,Loyal customers
17801.0,451,3,798.3299999999999,1,2,2,122,At risk
17802.0,82,10,5053.12,2,3,3,233,Loyal customers
17803.0,392,1,184.66,1,1,1,111,Hibernating / lost
17804.0,376,3,385.23,1,2,1,121,At risk
17805.0,73,2,927.03,2,1,2,212,Others
17806.0,11,1,546.04,3,1,2,312,Potential loyalists
17807.0,395,3,437.87,1,2,1,121,At risk
17808.0,548,4,262.64,1,2,1,121,At risk
17809.0,16,20,11337.39,3,3,3,333,Champions
17810.0,668,2,374.81,1,1,1,111,Hibernating / lost
17811.0,4,47,9609.8,3,3,3,333,Champions
17812.0,12,7,1165.8899999999999,3,3,2,332,Loyal customers
17813.0,14,5,1770.8799999999999,3,2,3,323,Potential loyalists
17814.0,375,2,1617.32,1,1,2,112,Hibernating / lost
17815.0,393,1,591.96,1,1,2,112,Hibernating / lost
17816.0,36,6,112.32,3,3,1,331,Loyal customers
17817.0,4,6,807.85,3,3,2,332,Loyal customers
17818.0,737,1,130.18,1,1,1,111,Hibernating / lost
17819.0,71,12,6612.5199999999995,2,3,3,233,Loyal customers
17820.0,374,1,183.56,1,1,1,111,Hibernating / lost
17821.0,406,1,334.62,1,1,1,111,Hibernating / lost
17822.0,420,5,2188.5,1,2,3,123,At risk
17823.0,421,2,494.25,1,1,2,112,Hibernating / lost
17824.0,51,1,298.4,2,1,1,211,Others
17825.0,598,4,731.96,1,2,2,122,At risk
17826.0,374,1,134.59,1,1,1,111,Hibernating / lost
17827.0,5,6,2388.05,3,3,3,333,Champions
17828.0,22,4,1820.09,3,2,3,323,Potential loyalists
17829.0,298,5,4756.74,1,2,3,123,At risk
17830.0,1,3,398.7,3,2,1,321,Potential loyalists
17831.0,33,1,35.400000000000006,3,1,1,311,New customers
17832.0,49,1,155.37,2,1,1,211,Others
17833.0,723,1,342.36,1,1,1,111,Hibernating / lost
17834.0,414,2,730.47,1,1,2,112,Hibernating / lost
17835.0,2,3,350.64,3,2,1,321,Potential loyalists
17836.0,47,1,110.21000000000001,2,1,1,211,Others
17837.0,42,8,1593.38,2,3,2,232,Loyal customers
17838.0,26,13,6722.900000000001,3,3,3,333,Champions
17839.0,42,1,338.8,2,1,1,211,Others
17840.0,443,1,185.72,1,1,1,111,Hibernating / lost
17841.0,1,211,70884.07,3,3,3,333,Champions
17842.0,602,1,430.69,1,1,1,111,Hibernating / lost
17843.0,303,2,326.23,1,1,1,111,Hibernating / lost
17844.0,106,1,51.559999999999995,2,1,1,211,Others
17845.0,555,4,598.19,1,2,2,122,At risk
17846.0,85,1,2033.1,2,1,3,213,Others
17847.0,515,2,129.69,1,1,1,111,Hibernating / lost
17848.0,81,30,3650.9,2,3,3,233,Loyal customers
17849.0,218,8,1063.76,2,3,2,232,Loyal customers
17850.0,372,155,56600.08,1,3,3,133,At risk
17851.0,422,6,1563.34,1,3,2,132,At risk
17852.0,11,5,663.21,3,2,2,322,Potential loyalists
17853.0,407,3,1608.19,1,2,2,122,At risk
17854.0,185,6,1071.45,2,3,2,232,Loyal customers
17855.0,372,1,417.94,1,1,1,111,Hibernating / lost
17856.0,1,4,1418.03,3,2,2,322,Potential loyalists
17857.0,4,24,28682.24,3,3,3,333,Champions
17858.0,5,30,12797.65,3,3,3,333,Champions
17859.0,304,1,148.21,1,1,1,111,Hibernating / lost
17860.0,368,4,1015.54,1,2,2,122,At risk
17861.0,3,18,5127.69,3,3,3,333,Champions
17862.0,323,4,1279.09,1,2,2,122,At risk
17863.0,59,12,5745.2,2,3,3,233,Loyal customers
17864.0,12,5,924.32,3,2,2,322,Potential loyalists
17865.0,30,46,26374.39,3,3,3,333,Champions
17866.0,142,3,1134.95,2,2,2,222,Others
17867.0,30,15,1621.2800000000002,3,3,2,332,Loyal customers
17868.0,386,1,234.65,1,1,1,111,Hibernating / lost
17869.0,107,7,1036.16,2,3,2,232,Loyal customers
17870.0,2,13,3108.15,3,3,3,333,Champions
17871.0,204,5,1118.99,2,2,2,222,Others
17872.0,381,1,235.87,1,1,1,111,Hibernating / lost
17873.0,80,18,6515.88,2,3,3,233,Loyal customers
17874.0,185,6,683.46,2,3,2,232,Loyal customers
17875.0,688,1,167.1,1,1,1,111,Hibernating / lost
17876.0,399,3,3424.02,1,2,3,123,At risk
17877.0,170,1,237.61,2,1,1,211,Others
17878.0,43,3,1412.33,2,2,2,222,Others
17879.0,173,1,178.51999999999998,2,1,1,211,Others
17880.0,364,3,824.9200000000001,1,2,2,122,At risk
17881.0,304,1,133.35000000000002,1,1,1,111,Hibernating / lost
17882.0,379,2,313.46,1,1,1,111,Hibernating / lost
17883.0,3,7,995.85,3,3,2,332,Loyal customers
17884.0,3,20,3072.89,3,3,3,333,Champions
17885.0,12,1,190.19,3,1,1,311,New customers
17886.0,31,6,1608.38,3,3,2,332,Loyal customers
17887.0,129,1,111.35,2,1,1,211,Others
17888.0,21,25,1820.44,3,3,3,333,Champions
17889.0,212,7,774.87,2,3,2,232,Loyal customers
17890.0,322,2,602.09,1,1,2,112,Hibernating / lost
17891.0,162,1,203.85999999999999,2,1,1,211,Others
17892.0,56,3,244.1,2,2,1,221,Others
17893.0,225,1,112.25,2,1,1,211,Others
17894.0,71,18,2453.38,2,3,3,233,Loyal customers
17895.0,44,1,98.0,2,1,1,211,Others
17896.0,23,1,256.32,3,1,1,311,New customers
17897.0,172,9,2585.0,2,3,3,233,Loyal customers
17898.0,85,4,299.18,2,2,1,221,Others
17899.0,159,1,155.8,2,1,1,211,Others
17900.0,190,2,112.19999999999999,2,1,1,211,Others
17901.0,29,3,260.08,3,2,1,321,Potential loyalists
17902.0,546,1,216.39999999999998,1,1,1,111,Hibernating / lost
17903.0,394,1,381.09000000000003,1,1,1,111,Hibernating / lost
17904.0,21,1,191.67,3,1,1,311,New customers
17905.0,71,13,2383.52,2,3,3,233,Loyal customers
17906.0,247,1,72.9,2,1,1,211,Others
17907.0,640,1,291.76,1,1,1,111,Hibernating / lost
17908.0,373,5,1411.54,1,2,2,122,At risk
17909.0,737,1,132.55,1,1,1,111,Hibernating / lost
17910.0,726,1,261.7,1,1,1,111,Hibernating / lost
17911.0,9,1,366.23,3,1,1,311,New customers
17912.0,310,6,375.5,1,3,1,131,At risk
17913.0,58,14,3479.64,2,3,3,233,Loyal customers
17914.0,3,1,336.43,3,1,1,311,New customers
17915.0,551,1,242.13,1,1,1,111,Hibernating / lost
17916.0,628,2,43.87,1,1,1,111,Hibernating / lost
17917.0,45,3,341.28,2,2,1,221,Others
17918.0,500,3,396.39,1,2,1,121,At risk
17919.0,88,2,1840.32,2,1,3,213,Others
17920.0,4,54,24516.46,3,3,3,333,Champions
17921.0,64,10,2423.5,2,3,3,233,Loyal customers
17922.0,543,1,170.4,1,1,1,111,Hibernating / lost
17923.0,282,3,497.0,1,2,2,122,At risk
17924.0,11,8,3536.7000000000003,3,3,3,333,Champions
17925.0,372,1,488.16,1,1,2,112,Hibernating / lost
17926.0,133,5,1035.49,2,2,2,222,Others
17927.0,721,1,294.0,1,1,1,111,Hibernating / lost
17928.0,45,3,341.24,2,2,1,221,Others
17929.0,11,12,3082.1,3,3,3,333,Champions
17930.0,35,13,4275.22,3,3,3,333,Champions
17931.0,134,14,3437.29,2,3,3,233,Loyal customers
17932.0,29,3,1331.57,3,2,2,322,Potential loyalists
17933.0,632,1,114.69,1,1,1,111,Hibernating / lost
17934.0,51,3,1049.15,2,2,2,222,Others
17935.0,138,7,686.14,2,3,2,232,Loyal customers
17936.0,5,1,389.84,3,1,1,311,New customers
17937.0,8,7,4301.22,3,3,3,333,Champions
17938.0,420,1,144.29,1,1,1,111,Hibernating / lost
17939.0,159,1,99.14,2,1,1,211,Others
17940.0,49,16,30393.19,2,3,3,233,Loyal customers
17941.0,130,4,1433.28,2,2,2,222,Others
17942.0,7,1,77.50000000000001,3,1,1,311,New customers
17944.0,423,1,75.41,1,1,1,111,Hibernating / lost
17945.0,696,3,360.35,1,2,1,121,At risk
17946.0,233,2,149.57999999999998,2,1,1,211,Others
17947.0,37,1,176.68,3,1,1,311,New customers
17948.0,147,1,358.56000000000006,2,1,1,211,Others
17949.0,1,118,118628.08,3,3,3,333,Champions
17950.0,72,7,1432.81,2,3,2,232,Loyal customers
17951.0,39,4,1636.0800000000002,3,2,3,323,Potential loyalists
17952.0,378,4,819.61,1,2,2,122,At risk
17953.0,540,1,160.82,1,1,1,111,Hibernating / lost
17954.0,5,19,3966.05,3,3,3,333,Champions
17955.0,198,6,949.9,2,3,2,232,Loyal customers
17956.0,249,1,12.75,2,1,1,211,Others
17957.0,66,1,111.68,2,1,1,211,Others
17958.0,116,2,973.88,2,1,2,212,Others
17959.0,592,1,140.75,1,1,1,111,Hibernating / lost
17960.0,171,3,135.08,2,2,1,221,Others
17961.0,21,100,2995.54,3,3,3,333,Champions
17962.0,142,4,687.42,2,2,2,222,Others
17963.0,471,4,651.51,1,2,2,122,At risk
17964.0,31,2,733.46,3,1,2,312,Potential loyalists
17965.0,37,29,7240.9800000000005,3,3,3,333,Champions
17966.0,37,10,1974.42,3,3,3,333,Champions
17967.0,371,2,357.28999999999996,1,1,1,111,Hibernating / lost
17968.0,373,4,888.04,1,2,2,122,At risk
17969.0,166,20,2369.94,2,3,3,233,Loyal customers
17970.0,211,1,582.59,2,1,2,212,Others
17971.0,548,1,161.94,1,1,1,111,Hibernating / lost
17972.0,241,1,136.04,2,1,1,211,Others
17973.0,51,1,337.04,2,1,1,211,Others
17974.0,24,6,1858.06,3,3,3,333,Champions
17975.0,15,24,7028.83,3,3,3,333,Champions
17976.0,372,1,706.38,1,1,2,112,Hibernating / lost
17977.0,29,2,1565.6299999999999,3,1,2,312,Potential loyalists
17978.0,365,4,1461.76,1,2,2,122,At risk
17979.0,35,4,757.71,3,2,2,322,Potential loyalists
17980.0,165,4,1033.42,2,2,2,222,Others
17981.0,410,1,239.12,1,1,1,111,Hibernating / lost
17982.0,680,1,138.18,1,1,1,111,Hibernating / lost
17983.0,395,1,171.71,1,1,1,111,Hibernating / lost
17984.0,145,5,1191.27,2,2,2,222,Others
17985.0,22,1,634.95,3,1,2,312,Potential loyalists
17986.0,56,1,20.8,2,1,1,211,Others
17987.0,185,5,1003.64,2,2,2,222,Others
17988.0,11,14,489.54,3,3,2,332,Loyal customers
17989.0,379,1,228.82999999999998,1,1,1,111,Hibernating / lost
17990.0,236,6,1527.6100000000001,2,3,2,232,Loyal customers
17991.0,225,3,320.55,2,2,1,221,Others
17992.0,389,1,254.13,1,1,1,111,Hibernating / lost
17993.0,617,1,235.19,1,1,1,111,Hibernating / lost
17994.0,121,11,2313.32,2,3,3,233,Loyal customers
17995.0,281,3,495.48,1,2,2,122,At risk
17996.0,379,3,482.33,1,2,2,122,At risk
17997.0,74,8,1970.6699999999998,2,3,3,233,Loyal customers
17998.0,380,3,639.24,1,2,2,122,At risk
17999.0,37,3,730.9,3,2,2,322,Potential loyalists
18000.0,564,1,124.25,1,1,1,111,Hibernating / lost
18001.0,12,6,953.84,3,3,2,332,Loyal customers
18002.0,375,4,249.92,1,2,1,121,At risk
18003.0,376,1,358.61,1,1,1,111,Hibernating / lost
18004.0,362,1,169.47,1,1,1,111,Hibernating / lost
18005.0,3,2,249.72,3,1,1,311,New customers
18006.0,23,4,997.86,3,2,2,322,Potential loyalists
18007.0,392,1,220.32,1,1,1,111,Hibernating / lost
18008.0,70,23,19787.13,2,3,3,233,Loyal customers
18009.0,235,8,2155.83,2,3,3,233,Loyal customers
18010.0,256,1,174.8,2,1,1,211,Others
18011.0,373,2,527.03,1,1,2,112,Hibernating / lost
18012.0,723,1,115.3,1,1,1,111,Hibernating / lost
18013.0,155,2,187.29,2,1,1,211,Others
18014.0,28,1,166.42,3,1,1,311,New customers
18015.0,4,1,120.03,3,1,1,311,New customers
18016.0,32,7,1960.46,3,3,3,333,Champions
18017.0,81,4,688.0,2,2,2,222,Others
18018.0,108,4,297.99,2,2,1,221,Others
18019.0,51,1,38.45,2,1,1,211,Others
18020.0,543,1,190.48000000000002,1,1,1,111,Hibernating / lost
18021.0,509,2,227.06,1,1,1,111,Hibernating / lost
18022.0,35,5,1651.79,3,2,3,323,Potential loyalists
18024.0,152,2,389.78,2,1,1,211,Others
18025.0,379,6,1177.72,1,3,2,132,At risk
18026.0,500,2,2074.07,1,1,3,113,Hibernating / lost
18027.0,98,1,115.31,2,1,1,211,Others
18028.0,583,1,192.05,1,1,1,111,Hibernating / lost
18029.0,642,1,433.77,1,1,1,111,Hibernating / lost
18030.0,4,2,230.64999999999998,3,1,1,311,New customers
18031.0,378,1,462.09999999999997,1,1,1,111,Hibernating / lost
18032.0,334,1,73.5,1,1,1,111,Hibernating / lost
18033.0,65,1,97.97,2,1,1,211,Others
18034.0,21,3,793.7,3,2,2,322,Potential loyalists
18035.0,35,5,1276.74,3,2,2,322,Potential loyalists
18036.0,32,11,1563.6399999999999,3,3,2,332,Loyal customers
18037.0,154,15,167.42,2,3,1,231,Loyal customers
18038.0,556,1,149.41,1,1,1,111,Hibernating / lost
18039.0,374,4,579.17,1,2,2,122,At risk
18040.0,19,2,357.20000000000005,3,1,1,311,New customers
18041.0,11,38,8752.38,3,3,3,333,Champions
18042.0,53,2,281.15,2,1,1,211,Others
18043.0,24,3,875.97,3,2,2,322,Potential loyalists
18044.0,4,18,3505.61,3,3,3,333,Champions
18045.0,45,1,189.4,2,1,1,211,Others
18046.0,649,1,189.63,1,1,1,111,Hibernating / lost
18047.0,381,2,342.69,1,1,1,111,Hibernating / lost
18048.0,203,3,401.73,2,2,1,221,Others
18049.0,437,2,556.52,1,1,2,112,Hibernating / lost
18050.0,359,2,412.06,1,1,1,111,Hibernating / lost
18051.0,634,7,2282.28,1,3,3,133,At risk
18052.0,564,1,10877.18,1,1,3,113,Hibernating / lost
18053.0,70,3,571.07,2,2,2,222,Others
18054.0,392,1,176.5,1,1,1,111,Hibernating / lost
18055.0,7,14,11195.57,3,3,3,333,Champions
18056.0,288,2,554.6,1,1,2,112,Hibernating / lost
18057.0,393,3,1203.56,1,2,2,122,At risk
18058.0,9,3,774.06,3,2,2,322,Potential loyalists
18059.0,23,3,306.46,3,2,1,321,Potential loyalists
18060.0,408,2,1185.46,1,1,2,112,Hibernating / lost
18061.0,21,28,6488.97,3,3,3,333,Champions
18062.0,173,6,1632.67,2,3,3,233,Loyal customers
18063.0,390,2,186.60000000000002,1,1,1,111,Hibernating / lost
18064.0,133,11,4495.03,2,3,3,233,Loyal customers
18065.0,5,29,5866.63,3,3,3,333,Champions
18066.0,75,3,1440.4,2,2,2,222,Others
18067.0,40,1,396.33,3,1,1,311,New customers
18068.0,289,1,101.69999999999999,1,1,1,111,Hibernating / lost
18069.0,26,11,4540.56,3,3,3,333,Champions
18070.0,669,1,314.1,1,1,1,111,Hibernating / lost
18071.0,257,6,1428.63,2,3,2,232,Loyal customers
18072.0,185,1,247.44,2,1,1,211,Others
18073.0,114,12,3877.5200000000004,2,3,3,233,Loyal customers
18074.0,373,2,1509.04,1,1,2,112,Hibernating / lost
18075.0,23,20,5783.29,3,3,3,333,Champions
18076.0,380,1,151.49,1,1,1,111,Hibernating / lost
18077.0,8,18,4338.56,3,3,3,333,Champions
18078.0,217,4,844.6,2,2,2,222,Others
18079.0,45,5,4242.75,2,2,3,223,Others
18080.0,18,2,1231.5,3,1,2,312,Potential loyalists
18081.0,36,3,343.45,3,2,1,321,Potential loyalists
18082.0,25,1,703.37,3,1,2,312,Potential loyalists
18083.0,397,1,470.72999999999996,1,1,1,111,Hibernating / lost
18084.0,16,3,812.93,3,2,2,322,Potential loyalists
18085.0,330,4,1645.75,1,2,3,123,At risk
18086.0,274,1,101.34,1,1,1,111,Hibernating / lost
18087.0,98,17,14761.519999999999,2,3,3,233,Loyal customers
18088.0,61,1,167.67000000000002,2,1,1,211,Others
18089.0,446,1,428.45,1,1,1,111,Hibernating / lost
18090.0,421,1,349.4,1,1,1,111,Hibernating / lost
18091.0,593,1,360.85,1,1,1,111,Hibernating / lost
18092.0,2,18,16179.44,3,3,3,333,Champions
18093.0,93,8,4452.71,2,3,3,233,Loyal customers
18094.0,81,13,6391.52,2,3,3,233,Loyal customers
18095.0,312,5,2303.09,1,2,3,123,At risk
18096.0,11,6,1805.28,3,3,3,333,Champions
18097.0,7,11,4663.32,3,3,3,333,Champions
18098.0,396,1,550.84,1,1,2,112,Hibernating / lost
18099.0,127,1,168.31,2,1,1,211,Others
18100.0,550,1,451.56,1,1,1,111,Hibernating / lost
18101.0,11,5,629.16,3,2,2,322,Potential loyalists
18102.0,0,145,608821.65,3,3,3,333,Champions
18103.0,549,1,105.8,1,1,1,111,Hibernating / lost
18104.0,37,1,754.64,3,1,2,312,Potential loyalists
18105.0,37,1,113.48000000000002,3,1,1,311,New customers
18106.0,329,6,1461.46,1,3,2,132,At risk
18107.0,442,1,167.13,1,1,1,111,Hibernating / lost
18108.0,254,3,848.8100000000001,2,2,2,222,Others
18109.0,1,38,9893.96,3,3,3,333,Champions
18110.0,19,2,435.43,3,1,1,311,New customers
18111.0,589,1,405.85,1,1,1,111,Hibernating / lost
18112.0,12,4,775.96,3,2,2,322,Potential loyalists
18113.0,368,1,152.64000000000001,1,1,1,111,Hibernating / lost
18114.0,290,1,220.1,1,1,1,111,Hibernating / lost
18115.0,697,1,9.700000000000001,1,1,1,111,Hibernating / lost
18116.0,67,13,2154.3,2,3,3,233,Loyal customers
18117.0,25,1,320.72,3,1,1,311,New customers
18118.0,10,29,6733.22,3,3,3,333,Champions
18119.0,367,1,362.24,1,1,1,111,Hibernating / lost
18120.0,214,1,111.15,2,1,1,211,Others
18121.0,149,2,673.1,2,1,2,212,Others
18122.0,8,6,1826.21,3,3,3,333,Champions
18123.0,24,3,684.59,3,2,2,322,Potential loyalists
18124.0,472,1,111.53,1,1,1,111,Hibernating / lost
18125.0,29,4,1142.99,3,2,2,322,Potential loyalists
18126.0,60,1,206.82999999999998,2,1,1,211,Others
18127.0,19,4,561.53,3,2,2,322,Potential loyalists
18128.0,537,1,420.04,1,1,1,111,Hibernating / lost
18129.0,243,1,112.55000000000001,2,1,1,211,Others
18130.0,15,3,1059.39,3,2,2,322,Potential loyalists
18131.0,631,1,222.95999999999998,1,1,1,111,Hibernating / lost
18132.0,504,1,226.9,1,1,1,111,Hibernating / lost
18133.0,212,1,931.4999999999999,2,1,2,212,Others
18134.0,598,2,445.0,1,1,1,111,Hibernating / lost
18135.0,29,10,1249.6200000000001,3,3,2,332,Loyal customers
18136.0,63,5,1631.3600000000001,2,2,3,223,Others
18137.0,551,2,145.99,1,1,1,111,Hibernating / lost
18138.0,295,1,152.65,1,1,1,111,Hibernating / lost
18139.0,17,6,8438.34,3,3,3,333,Champions
18140.0,473,1,536.41,1,1,2,112,Hibernating / lost
18141.0,401,2,882.47,1,1,2,112,Hibernating / lost
18142.0,157,2,1019.52,2,1,2,212,Others
18143.0,116,2,1000.16,2,1,2,212,Others
18144.0,7,19,5058.0,3,3,3,333,Champions
18145.0,12,11,5617.79,3,3,3,333,Champions
18146.0,140,2,160.35000000000002,2,1,1,211,Others
18147.0,45,2,179.33999999999997,2,1,1,211,Others
18148.0,646,1,114.10000000000001,1,1,1,111,Hibernating / lost
18149.0,50,7,1624.71,2,3,3,233,Loyal customers
18150.0,32,3,566.58,3,2,2,322,Potential loyalists
18151.0,134,6,1879.44,2,3,3,233,Loyal customers
18152.0,646,1,426.69,1,1,1,111,Hibernating / lost
18153.0,659,1,246.22,1,1,1,111,Hibernating / lost
18154.0,3,5,932.6,3,2,2,322,Potential loyalists
18155.0,75,3,371.62,2,2,1,221,Others
18156.0,12,2,941.1700000000001,3,1,2,312,Potential loyalists
18157.0,571,1,215.35,1,1,1,111,Hibernating / lost
18158.0,9,2,453.4,3,1,1,311,New customers
18159.0,301,1,530.15,1,1,2,112,Hibernating / lost
18160.0,57,3,1003.88,2,2,2,222,Others
18161.0,15,6,1803.1000000000001,3,3,3,333,Champions
18162.0,732,1,379.16,1,1,1,111,Hibernating / lost
18163.0,584,1,728.84,1,1,2,112,Hibernating / lost
18164.0,37,1,399.65000000000003,3,1,1,311,New customers
18165.0,177,1,302.46000000000004,2,1,1,211,Others
18166.0,623,1,175.5,1,1,1,111,Hibernating / lost
18167.0,23,3,1384.8600000000001,3,2,2,322,Potential loyalists
18168.0,176,16,3770.27,2,3,3,233,Loyal customers
18169.0,60,1,202.65,2,1,1,211,Others
18170.0,33,9,2878.0,3,3,3,333,Champions
18171.0,58,9,2437.31,2,3,3,233,Loyal customers
18172.0,14,52,17479.84,3,3,3,333,Champions
18173.0,86,5,2696.36,2,2,3,223,Others
18174.0,7,2,162.5,3,1,1,311,New customers
18175.0,675,1,176.1,1,1,1,111,Hibernating / lost
18176.0,358,1,476.35,1,1,2,112,Hibernating / lost
18177.0,31,9,2216.87,3,3,3,333,Champions
18178.0,128,11,6103.74,2,3,3,233,Loyal customers
18179.0,9,8,2547.55,3,3,3,333,Champions
18180.0,4,6,1843.75,3,3,3,333,Champions
18181.0,24,5,1205.94,3,2,2,322,Potential loyalists
18182.0,463,1,291.13,1,1,1,111,Hibernating / lost
18183.0,227,2,632.07,2,1,2,212,Others
18184.0,15,1,49.8,3,1,1,311,New customers
18185.0,249,1,304.25,2,1,1,211,Others
18186.0,722,1,329.58,1,1,1,111,Hibernating / lost
18187.0,631,1,724.89,1,1,2,112,Hibernating / lost
18188.0,15,6,3280.59,3,3,3,333,Champions
18189.0,77,3,1403.73,2,2,2,222,Others
18190.0,192,5,745.62,2,2,2,222,Others
18191.0,261,2,529.4,2,1,2,212,Others
18192.0,71,1,957.97,2,1,2,212,Others
18193.0,165,3,1207.35,2,2,2,222,Others
18194.0,82,6,4162.04,2,3,3,233,Loyal customers
18195.0,387,1,101.16,1,1,1,111,Hibernating / lost
18196.0,95,4,1464.31,2,2,2,222,Others
18197.0,575,1,230.1,1,1,1,111,Hibernating / lost
18198.0,4,17,5425.56,3,3,3,333,Champions
18199.0,683,1,344.75,1,1,1,111,Hibernating / lost
18200.0,106,1,163.8,2,1,1,211,Others
18201.0,722,1,447.53000000000003,1,1,1,111,Hibernating / lost
18202.0,199,3,1396.99,2,2,2,222,Others
18203.0,157,4,504.42,2,2,2,222,Others
18204.0,71,3,1993.7,2,2,3,223,Others
18205.0,36,2,517.36,3,1,2,312,Potential loyalists
18206.0,553,1,314.65999999999997,1,1,1,111,Hibernating / lost
18207.0,499,1,544.47,1,1,2,112,Hibernating / lost
18208.0,565,1,360.08,1,1,1,111,Hibernating / lost
18209.0,28,1,139.10000000000002,3,1,1,311,New customers
18210.0,1,7,2768.83,3,3,3,333,Champions
18211.0,25,5,600.07,3,2,2,322,Potential loyalists
18212.0,326,2,546.72,1,1,2,112,Hibernating / lost
18213.0,236,1,232.48000000000002,2,1,1,211,Others
18214.0,530,4,1780.34,1,2,3,123,At risk
18215.0,89,5,2247.4900000000002,2,2,3,223,Others
18216.0,31,1,481.75,3,1,2,312,Potential loyalists
18217.0,29,4,945.04,3,2,2,322,Potential loyalists
18218.0,211,4,1142.0,2,2,2,222,Others
18219.0,2,17,3562.89,3,3,3,333,Champions
18220.0,226,6,1921.76,2,3,3,233,Loyal customers
18221.0,22,6,1424.94,3,3,2,332,Loyal customers
18222.0,92,1,443.0,2,1,1,211,Others
18223.0,4,26,14000.85,3,3,3,333,Champions
18224.0,263,1,158.95000000000002,2,1,1,211,Others
18225.0,3,26,13054.26,3,3,3,333,Champions
18226.0,44,26,11878.88,2,3,3,233,Loyal customers
18227.0,217,2,388.75,2,1,1,211,Others
18228.0,56,2,779.9,2,1,2,212,Others
18229.0,11,28,10803.710000000001,3,3,3,333,Champions
18230.0,9,9,4291.06,3,3,3,333,Champions
18231.0,192,28,6880.97,2,3,3,233,Loyal customers
18232.0,81,4,592.97,2,2,2,222,Others
18233.0,325,1,440.0,1,1,1,111,Hibernating / lost
18234.0,551,1,179.6,1,1,1,111,Hibernating / lost
18235.0,71,3,1796.48,2,2,3,223,Others
18236.0,29,12,1795.3500000000001,3,3,3,333,Champions
18237.0,2,5,987.1,3,2,2,322,Potential loyalists
18238.0,515,1,270.92,1,1,1,111,Hibernating / lost
18239.0,218,6,2150.36,2,3,3,233,Loyal customers
18240.0,46,1,422.58,2,1,1,211,Others
18241.0,9,21,2986.9900000000002,3,3,3,333,Champions
18242.0,72,8,3605.21,2,3,3,233,Loyal customers
18243.0,414,1,515.78,1,1,2,112,Hibernating / lost
18244.0,430,2,568.64,1,1,2,112,Hibernating / lost
18245.0,7,20,6324.9800000000005,3,3,3,333,Champions
18246.0,23,3,758.8199999999999,3,2,2,322,Potential loyalists
18247.0,414,3,839.73,1,2,2,122,At risk
18248.0,122,2,804.02,2,1,2,212,Others
18249.0,17,1,95.34,3,1,1,311,New customers
18250.0,310,1,349.27,1,1,1,111,Hibernating / lost
18251.0,87,9,26278.86,2,3,3,233,Loyal customers
18252.0,50,7,1542.09,2,3,2,232,Loyal customers
18253.0,642,1,317.88,1,1,1,111,Hibernating / lost
18254.0,581,1,267.9,1,1,1,111,Hibernating / lost
18255.0,89,2,303.15,2,1,1,211,Others
18256.0,387,1,110.7,1,1,1,111,Hibernating / lost
18257.0,39,12,4600.15,3,3,3,333,Champions
18258.0,464,6,2059.67,1,3,3,133,At risk
18259.0,24,7,4318.200000000001,3,3,3,333,Champions
18260.0,172,23,9962.11,2,3,3,233,Loyal customers
18261.0,43,2,324.24,2,1,1,211,Others
18262.0,140,3,577.54,2,2,2,222,Others
18263.0,25,3,1213.1599999999999,3,2,2,322,Potential loyalists
18264.0,498,1,603.25,1,1,2,112,Hibernating / lost
18265.0,72,2,801.51,2,1,2,212,Others
18266.0,434,1,251.1,1,1,1,111,Hibernating / lost
18267.0,672,1,269.37,1,1,1,111,Hibernating / lost
18268.0,134,6,1490.23,2,3,2,232,Loyal customers
18269.0,366,1,337.2,1,1,1,111,Hibernating / lost
18270.0,38,3,444.55,3,2,1,321,Potential loyalists
18271.0,609,2,680.85,1,1,2,112,Hibernating / lost
18272.0,2,9,4385.9800000000005,3,3,3,333,Champions
18273.0,2,4,357.0,3,2,1,321,Potential loyalists
18274.0,30,1,175.92,3,1,1,311,New customers
18275.0,578,2,741.85,1,1,2,112,Hibernating / lost
18276.0,43,6,1656.52,2,3,3,233,Loyal customers
18277.0,58,5,1180.05,2,2,2,222,Others
18278.0,73,2,414.20000000000005,2,1,1,211,Others
18279.0,519,1,231.33999999999997,1,1,1,111,Hibernating / lost
18280.0,277,2,488.15000000000003,1,1,2,112,Hibernating / lost
18281.0,180,2,201.14,2,1,1,211,Others
18282.0,7,2,178.05,3,1,1,311,New customers
18283.0,3,22,2736.65,3,3,3,333,Champions
18284.0,431,1,461.68,1,1,1,111,Hibernating / lost
18285.0,660,1,427.0,1,1,1,111,Hibernating / lost
18286.0,476,2,1296.43,1,1,2,112,Hibernating / lost
18287.0,42,7,4182.99,2,3,3,233,Loyal customers
